This is XeTeX, Version 3.141592653-2.6-0.999998 (TeX Live 2026/Arch Linux) (preloaded format=xelatex 2026.9.17)  17 SEP 2026 12:12
entering extended mode
 restricted \write18 enabled.
 %&-line parsing enabled.
**refman.tex
(./refman.tex
LaTeX2e <2025-11-01>
L3 programming layer <2026-01-19>
(/usr/share/texmf-dist/tex/generic/iftex/iftex.sty
Package: iftex 2024/12/12 v1.0g TeX engine tests
)
(/usr/share/texmf-dist/tex/latex/base/book.cls
Document Class: book 2025/01/22 v1.4n Standard LaTeX document class
(/usr/share/texmf-dist/tex/latex/base/bk10.clo
File: bk10.clo 2025/01/22 v1.4n Standard LaTeX file (size option)
)
\c@part=\count271
\c@chapter=\count272
\c@section=\count273
\c@subsection=\count274
\c@subsubsection=\count275
\c@paragraph=\count276
\c@subparagraph=\count277
\c@figure=\count278
\c@table=\count279
\abovecaptionskip=\skip49
\belowcaptionskip=\skip50
\bibindent=\dimen148
)
(/usr/share/texmf-dist/tex/generic/infwarerr/infwarerr.sty
package info suppressed
) (./doxygen.sty
Package: doxygen 

(/usr/share/texmf-dist/tex/latex/base/alltt.sty
Package: alltt 2024/07/07 v2.0g defines alltt environment
)
(/usr/share/texmf-dist/tex/latex/tools/array.sty
Package: array 2025/09/25 v2.6n Tabular extension package (FMi)
\col@sep=\dimen149
\ar@mcellbox=\box53
\extrarowheight=\dimen150
\NC@list=\toks17
\extratabsurround=\skip51
\backup@length=\skip52
\ar@cellbox=\box54
)
(/usr/share/texmf-dist/tex/latex/tools/calc.sty
Package: calc 2025/03/01 v4.3b Infix arithmetic (KKT,FJ)
\calc@Acount=\count280
\calc@Bcount=\count281
\calc@Adimen=\dimen151
\calc@Bdimen=\dimen152
\calc@Askip=\skip53
\calc@Bskip=\skip54
LaTeX Info: Redefining \setlength on input line 86.
LaTeX Info: Redefining \addtolength on input line 87.
\calc@Ccount=\count282
\calc@Cskip=\skip55
)
(/usr/share/texmf-dist/tex/latex/float/float.sty
Package: float 2001/11/08 v1.3d Float enhancements (AL)
\c@float@type=\count283
\float@exts=\toks18
\float@box=\box55
\@float@everytoks=\toks19
\@floatcapt=\box56
)
(/usr/share/texmf-dist/tex/latex/base/ifthen.sty
Package: ifthen 2024/03/16 v1.1e Standard LaTeX ifthen package (DPC)
)
(/usr/share/texmf-dist/tex/latex/tools/verbatim.sty
Package: verbatim 2024-01-22 v1.5x LaTeX2e package for verbatim enhancements
\every@verbatim=\toks20
\verbatim@line=\toks21
\verbatim@in@stream=\read2
)
(/usr/share/texmf-dist/tex/latex/varwidth/varwidth.sty
Package: varwidth 2009/03/30 ver 0.92;  Variable-width minipages
\@vwid@box=\box57
\sift@deathcycles=\count284
\@vwid@loff=\dimen153
\@vwid@roff=\dimen154
)
==> First Aid for varwidth.sty applied!
(/usr/share/texmf-dist/tex/latex/xcolor/xcolor.sty
Package: xcolor 2024/09/29 v3.02 LaTeX color extensions (UK)

(/usr/share/texmf-dist/tex/latex/graphics-cfg/color.cfg
File: color.cfg 2016/01/02 v1.6 sample color configuration
)
Package xcolor Info: Driver file: xetex.def on input line 274.

(/usr/share/texmf-dist/tex/latex/graphics-def/xetex.def
File: xetex.def 2025/11/01 v5.0p Graphics/color driver for xetex
)
(/usr/share/texmf-dist/tex/latex/graphics/mathcolor.ltx)
Package xcolor Info: Model `cmy' substituted by `cmy0' on input line 1349.
Package xcolor Info: Model `RGB' extended on input line 1365.
Package xcolor Info: Model `HTML' substituted by `rgb' on input line 1367.
Package xcolor Info: Model `Hsb' substituted by `hsb' on input line 1368.
Package xcolor Info: Model `tHsb' substituted by `hsb' on input line 1369.
Package xcolor Info: Model `HSB' substituted by `hsb' on input line 1370.
Package xcolor Info: Model `Gray' substituted by `gray' on input line 1371.
Package xcolor Info: Model `wave' substituted by `hsb' on input line 1372.
)
(/usr/share/texmf-dist/tex/latex/colortbl/colortbl.sty
Package: colortbl 2024/10/29 v1.0k Color table columns (DPC)
\everycr=\toks22
\minrowclearance=\skip56
\rownum=\count285
)
(/usr/share/texmf-dist/tex/latex/tools/longtable.sty
Package: longtable 2025-10-13 v4.24 Multi-page Table package (DPC)
\LTleft=\skip57
\LTright=\skip58
\LTpre=\skip59
\LTpost=\skip60
\LTchunksize=\count286
\LTcapwidth=\dimen155
\LT@head=\box58
\LT@firsthead=\box59
\LT@foot=\box60
\LT@lastfoot=\box61
\LT@gbox=\box62
\LT@cols=\count287
\LT@rows=\count288
\c@LT@tables=\count289
\c@LT@chunks=\count290
\LT@p@ftn=\toks23
)
(/usr/share/texmf-dist/tex/latex/xltabular/xltabular.sty
Package: xltabular 2025/02/28 v0.2i `xltabular' package (hv,RN)

(/usr/share/texmf-dist/tex/latex/tools/tabularx.sty
Package: tabularx 2023/12/11 v2.12a `tabularx' package (DPC)
\TX@col@width=\dimen156
\TX@old@table=\dimen157
\TX@old@col=\dimen158
\TX@target=\dimen159
\TX@delta=\dimen160
\TX@cols=\count291
\TX@ftn=\toks24
)
(/usr/share/texmf-dist/tex/latex/etoolbox/etoolbox.sty
Package: etoolbox 2025/10/02 v2.5m e-TeX tools for LaTeX (JAW)
\etb@tempcnta=\count292
)
(/usr/share/texmf-dist/tex/latex/ltablex/ltablex.sty
Package: ltablex 2014/08/13 v1.1 Modified tabularx
))
(/usr/share/texmf-dist/tex/latex/tabularray/tabularray.sty
Package: tabularray 2025-11-27 v2025C Typeset tabulars and arrays with LaTeX3

(/usr/share/texmf-dist/tex/latex/ninecolors/ninecolors.sty
Package: ninecolors 2022-02-13 v2022D Select colors with proper color contrast

(/usr/share/texmf-dist/tex/latex/l3packages/xparse/xparse.sty
(/usr/share/texmf-dist/tex/latex/l3kernel/expl3.sty
Package: expl3 2026-01-19 L3 programming layer (loader) 

(/usr/share/texmf-dist/tex/latex/l3backend/l3backend-xetex.def
File: l3backend-xetex.def 2025-10-09 L3 backend support: XeTeX
\g__graphics_track_int=\count293
\g__pdfannot_backend_int=\count294
\g__pdfannot_backend_link_int=\count295
))
Package: xparse 2025-10-09 L3 Experimental document command parser
))
\g__tblr_nohyper_int=\count296
\l__tblr_a_int=\count297
\l__tblr_c_int=\count298
\l__tblr_r_int=\count299
\l__tblr_d_dim=\dimen161
\l__tblr_h_dim=\dimen162
\l__tblr_o_dim=\dimen163
\l__tblr_p_dim=\dimen164
\l__tblr_q_dim=\dimen165
\l__tblr_r_dim=\dimen166
\l__tblr_s_dim=\dimen167
\l__tblr_t_dim=\dimen168
\l__tblr_v_dim=\dimen169
\l__tblr_w_dim=\dimen170
\l__tblr_a_box=\box63
\l__tblr_b_box=\box64
\l__tblr_c_box=\box65
\l__tblr_d_box=\box66
\c@tblrcount=\count300
\c@colnum=\count301
\c@rowcount=\count302
\c@colcount=\count303
\abovesep=\dimen171
\belowsep=\dimen172
\leftsep=\dimen173
\rightsep=\dimen174
\gTblrLevelInt=\count304
\g__tblr_data_row_key_count_int=\count305
\g__tblr_data_column_key_count_int=\count306
\g__tblr_data_cell_key_count_int=\count307
\g__tblr_array_int=\count308
\l__tblr_key_count_int=\count309
\l__tblr_key_quotient_int=\count310
\l__tblr_key_quotient_two_int=\count311
\l__tblr_key_remainder_int=\count312
\g__tblr_data_str_value_count_int=\count313
\lTblrChildTotalInt=\count314
\lTblrChildHtotalInt=\count315
\lTblrChildVtotalInt=\count316
\l__child_diff_h_int=\count317
\l__child_diff_v_int=\count318
\l__child_sign_h_int=\count319
\l__child_sign_v_int=\count320
\l__child_step_int=\count321
\lTblrDefaultHruleWidthDim=\dimen175
\lTblrDefaultVruleWidthDim=\dimen176
\l__tblr_split_balance_int=\count322
\l__tblr_strut_dp_dim=\dimen177
\l__tblr_strut_ht_dim=\dimen178
\g__tblr_cell_wd_dim=\dimen179
\g__tblr_cell_ht_dim=\dimen180
\g__tblr_cell_head_dim=\dimen181
\g__tblr_cell_foot_dim=\dimen182
\l__tblr_measured_cell_box=\box67
\g__tblr_last_box=\box68
\l__tblr_temp_box=\box69
\l__tblr_column_target_dim=\dimen183
\l__tblr_hfuzz_dim=\dimen184
\l__tblr_caption_box=\box70
\l__tblr_caption_left_box=\box71
\lTblrRowHeadInt=\count323
\lTblrRowFootInt=\count324
\l__tblr_row_head_box=\box72
\l__tblr_row_foot_box=\box73
\l__tblr_row_head_foot_dim=\dimen185
\lTblrTableWidthDim=\dimen186
\l__tblr_table_firsthead_box=\box74
\l__tblr_table_middlehead_box=\box75
\l__tblr_table_lasthead_box=\box76
\l__tblr_table_firstfoot_box=\box77
\l__tblr_table_middlefoot_box=\box78
\l__tblr_table_lastfoot_box=\box79
\l__tblr_remain_height_dim=\dimen187
\l__tblr_next_rows_dim=\dimen188
\l__tblr_page_overfill_dim=\dimen189
\l__tblr_long_from_int=\count325
\l__tblr_long_to_int=\count326
\l__tblr_curr_i_int=\count327
\l__tblr_prev_i_int=\count328
\lTblrTablePageInt=\count329
\l__tblr_table_head_box=\box80
\l__tblr_table_foot_box=\box81
\l__tblr_table_head_foot_dim=\dimen190
\l__tblr_table_head_body_foot_dim=\dimen191
\l__tblr_table_box=\box82
\lTblrRowFirstInt=\count330
\lTblrRowLastInt=\count331
\l__tblr_cover_box_a_dim=\dimen192
\l__tblr_cover_box_b_dim=\dimen193
\l__tblr_table_hlines_box=\box83
\l__tblr_hline_box=\box84
\l__tblr_row_box=\box85
\l__tblr_col_o_wd_dim=\dimen194
\l__tblr_col_b_wd_dim=\dimen195
\l__tblr_hline_leftskip_dim=\dimen196
\l__tblr_hline_rightskip_dim=\dimen197
\l__tblr_row_ht_dim=\dimen198
\l__tblr_row_dp_dim=\dimen199
\l__tblr_row_abovesep_dim=\dimen256
\l__tblr_row_belowsep_dim=\dimen257
\l__tblr_row_vlines_box=\box86
\l__tblr_vline_box=\box87
\l__tblr_cell_box=\box88
\l__tblr_row_upper_dim=\dimen258
\l__tblr_row_lower_dim=\dimen259
\l__tblr_row_vpace_dim=\dimen260
\l__tblr_vline_aboveskip_dim=\dimen261
\l__tblr_vline_belowskip_dim=\dimen262
\lTblrCellRowSpanInt=\count332
\lTblrCellColSpanInt=\count333
\l__tblr_cell_wd_dim=\dimen263
\l__tblr_cell_ht_dim=\dimen264
\lTblrCellAboveBorderWidthDim=\dimen265
\lTblrCellBelowBorderWidthDim=\dimen266
\lTblrCellLeftBorderWidthDim=\dimen267
\lTblrCellRightBorderWidthDim=\dimen268
\l__tblr_diag_box=\box89
\l__tblr_cell_inner_wd_dim=\dimen269
\l__tblr_cell_inner_dp_dim=\dimen270
\l__tblr_cell_hanchor_dim=\dimen271
\l__tblr_last_cell_table_ht_dim=\dimen272
\l__tblr_last_cell_table_dp_dim=\dimen273
\l__tblr_last_vline_wd_dim=\dimen274
\l__tblr_tikz_node_box=\box90
)
\g__doxy_nohyper_int=\count334
\doxytablewidth=\dimen275

(/usr/share/texmf-dist/tex/latex/fancyvrb/fancyvrb.sty
Package: fancyvrb 2025/07/28 4.6 verbatim text (tvz,hv)

(/usr/share/texmf-dist/tex/latex/graphics/keyval.sty
Package: keyval 2022/05/29 v1.15 key=value parser (DPC)
\KV@toks@=\toks25
)
\FV@CodeLineNo=\count335
\FV@InFile=\read3
\FV@TabBox=\box91
\c@FancyVerbLine=\count336
\FV@StepNumber=\count337
\FV@OutFile=\write3
)
(/usr/share/texmf-dist/tex/latex/tools/multicol.sty
Package: multicol 2025/10/21 v2.0b multicolumn formatting (FMi)
\c@tracingmulticols=\count338
\mult@box=\box92
\multicol@leftmargin=\dimen276
\c@unbalance=\count339
\c@collectmore=\count340
\doublecol@number=\count341
\multicoltolerance=\count342
\multicolpretolerance=\count343
\full@width=\dimen277
\page@free=\dimen278
\premulticols=\dimen279
\postmulticols=\dimen280
\multicolsep=\skip61
\multicolbaselineskip=\skip62
\partial@page=\box93
\last@line=\box94
\mc@boxedresult=\box95
\maxbalancingoverflow=\dimen281
\mult@rightbox=\box96
\mult@grightbox=\box97
\mult@firstbox=\box98
\mult@gfirstbox=\box99
\@tempa=\box100
\@tempa=\box101
\@tempa=\box102
\@tempa=\box103
\@tempa=\box104
\@tempa=\box105
\@tempa=\box106
\@tempa=\box107
\@tempa=\box108
\@tempa=\box109
\@tempa=\box110
\@tempa=\box111
\@tempa=\box112
\@tempa=\box113
\@tempa=\box114
\@tempa=\box115
\@tempa=\box116
\@tempa=\box117
\@tempa=\box118
\@tempa=\box119
\@tempa=\box120
\@tempa=\box121
\@tempa=\box122
\@tempa=\box123
\@tempa=\box124
\@tempa=\box125
\@tempa=\box126
\@tempa=\box127
\@tempa=\box128
\@tempa=\box129
\@tempa=\box130
\@tempa=\box131
\@tempa=\box132
\@tempa=\box133
\@tempa=\box134
\@tempa=\box135
\c@minrows=\count344
\c@columnbadness=\count345
\c@finalcolumnbadness=\count346
\last@try=\dimen282
\multicolovershoot=\dimen283
\multicolundershoot=\dimen284
\mult@nat@firstbox=\box136
\colbreak@box=\box137
\mc@col@check@num=\count347
\g__mc_curr_col_int=\count348
)
(/usr/share/texmf-dist/tex/latex/multirow/multirow.sty
Package: multirow 2024/11/12 v2.9 Span multiple rows of a table
\multirow@colwidth=\skip63
\multirow@cntb=\count349
\multirow@dima=\skip64
\bigstrutjot=\dimen285
)
(/usr/share/texmf-dist/tex/latex/hanging/hanging.sty
Package: hanging 2009/09/02 v1.2b hanging paragraphs and punctuation
\h@ngcommawd=\skip65
\h@ngfstopwd=\skip66
\h@ngquotewd=\skip67
\h@ngdquotewd=\skip68
\h@ngquerywd=\skip69
\h@ngexclwd=\skip70
\h@ngcolonwd=\skip71
\h@ngscolonwd=\skip72
)
(/usr/share/texmf-dist/tex/generic/iftex/ifpdf.sty
Package: ifpdf 2019/10/25 v3.4 ifpdf legacy package. Use iftex instead.
)
(/usr/share/texmf-dist/tex/latex/adjustbox/adjustbox.sty
Package: adjustbox 2025/02/26 v1.3c Adjusting TeX boxes (trim, clip, ...)

(/usr/share/texmf-dist/tex/latex/xkeyval/xkeyval.sty
Package: xkeyval 2025/11/04 v2.10 package option processing (HA)

(/usr/share/texmf-dist/tex/generic/xkeyval/xkeyval.tex
(/usr/share/texmf-dist/tex/generic/xkeyval/xkvutils.tex
\XKV@toks=\toks26
\XKV@tempa@toks=\toks27
\XKV@tempb@toks=\toks28
)
\XKV@depth=\count350
File: xkeyval.tex 2014/12/03 v2.7a key=value parser (HA)
))
(/usr/share/texmf-dist/tex/latex/adjustbox/adjcalc.sty
Package: adjcalc 2012/05/16 v1.1 Provides advanced setlength with multiple back
-ends (calc, etex, pgfmath)
)
(/usr/share/texmf-dist/tex/latex/adjustbox/trimclip.sty
Package: trimclip 2025/02/21 v1.2a Trim and clip general TeX material

(/usr/share/texmf-dist/tex/latex/graphics/graphicx.sty
Package: graphicx 2024/12/31 v1.2e Enhanced LaTeX Graphics (DPC,SPQR)

(/usr/share/texmf-dist/tex/latex/graphics/graphics.sty
Package: graphics 2024/08/06 v1.4g Standard LaTeX Graphics (DPC,SPQR)

(/usr/share/texmf-dist/tex/latex/graphics/trig.sty
Package: trig 2023/12/02 v1.11 sin cos tan (DPC)
)
(/usr/share/texmf-dist/tex/latex/graphics-cfg/graphics.cfg
File: graphics.cfg 2016/06/04 v1.11 sample graphics configuration
)
Package graphics Info: Driver file: xetex.def on input line 106.
)
\Gin@req@height=\dimen286
\Gin@req@width=\dimen287
)
(/usr/share/texmf-dist/tex/latex/collectbox/collectbox.sty
Package: collectbox 2022/10/17 v0.4c Collect macro arguments as boxes
\collectedbox=\box138
)
\tc@llx=\dimen288
\tc@lly=\dimen289
\tc@urx=\dimen290
\tc@ury=\dimen291
Package trimclip Info: Using driver 'tc-xetex.def'.

(/usr/share/texmf-dist/tex/latex/adjustbox/tc-xetex.def
File: tc-xetex.def 2019/01/04 v2.2 Clipping driver for xetex
))
\adjbox@Width=\dimen292
\adjbox@Height=\dimen293
\adjbox@Depth=\dimen294
\adjbox@Totalheight=\dimen295
\adjbox@pwidth=\dimen296
\adjbox@pheight=\dimen297
\adjbox@pdepth=\dimen298
\adjbox@ptotalheight=\dimen299

(/usr/share/texmf-dist/tex/latex/ifoddpage/ifoddpage.sty
Package: ifoddpage 2022/10/18 v1.2 Conditionals for odd/even page detection
\c@checkoddpage=\count351
))
(/usr/share/texmf-dist/tex/latex/amsfonts/amssymb.sty
Package: amssymb 2013/01/14 v3.01 AMS font symbols

(/usr/share/texmf-dist/tex/latex/amsfonts/amsfonts.sty
Package: amsfonts 2013/01/14 v3.01 Basic AMSFonts support
\@emptytoks=\toks29
\symAMSa=\mathgroup4
\symAMSb=\mathgroup5
LaTeX Font Info:    Redeclaring math symbol \hbar on input line 98.
LaTeX Font Info:    Overwriting math alphabet `\mathfrak' in version `bold'
(Font)                  U/euf/m/n --> U/euf/b/n on input line 106.
))
(/usr/share/texmf-dist/tex/latex/stackengine/stackengine.sty
Package: stackengine 2021/07/22 v4.11\ Stacking text and objects in convenient 
ways


! LaTeX Error: File `listofitems.sty' not found.

Type X to quit or <RETURN> to proceed,
or enter new name. (Default extension: sty)

Enter file name: 
\c@@stackindex=\count352
\@boxshift=\skip73
\stack@tmplength=\skip74
\temp@stkl=\skip75
\@stackedboxwidth=\skip76
\@addedbox=\box139
\@anchorbox=\box140
\@insetbox=\box141
\se@backgroundbox=\box142
\stackedbox=\box143
\@centerbox=\box144
\c@ROWcellindex@=\count353
) (/usr/share/texmf-dist/tex/latex/enumitem/enumitem.sty
Package: enumitem 2025/02/06 v3.11 Customized lists
\labelindent=\skip77
\enit@outerparindent=\dimen300
\enit@toks=\toks30
\enit@inbox=\box145
\enit@count@id=\count354
\enitdp@description=\count355
)
(/usr/share/texmf-dist/tex/generic/alphalph/alphalph.sty
Package: alphalph 2019/12/09 v2.6 Convert numbers to letters (HO)

(/usr/share/texmf-dist/tex/generic/intcalc/intcalc.sty
Package: intcalc 2019/12/15 v1.3 Expandable calculations with integers (HO)
))

! LaTeX Error: File `ulem.sty' not found.

Type X to quit or <RETURN> to proceed,
or enter new name. (Default extension: sty)

Enter file name: 
\xrefbox=\box146
\xreflength=\skip78
\CodeWidthChar=\skip79
\CodeHeightChar=\skip80
\DoxyCodeWidth=\skip81
\ttcharwidth=\skip82
\c@DoxyEnumeratei=\count356
\c@DoxyEnumerateii=\count357
\c@DoxyEnumerateiii=\count358
\c@DoxyEnumerateiv=\count359
\c@DoxyEnumeratev=\count360
\c@DoxyEnumeratevi=\count361
\c@DoxyEnumeratevii=\count362
\c@DoxyEnumerateviii=\count363
\c@DoxyEnumerateix=\count364
\c@DoxyEnumeratex=\count365
\c@DoxyEnumeratexi=\count366
\c@DoxyEnumeratexii=\count367
\enitdp@DoxyEnumerate=\count368
\enitdp@DoxyItemize=\count369
\doxymboxbox=\box147
\doxymboxlength=\skip83
\c@subsubsubsection=\count370
\c@subsubsubsubsection=\count371
\c@subsubsubsubsubsection=\count372
\c@subsubsubsubsubsubsection=\count373
) (/usr/share/texmf-dist/tex/latex/fontspec/fontspec.sty
Package: fontspec 2025/09/29 v2.9g Font selection for XeLaTeX and LuaLaTeX

(/usr/share/texmf-dist/tex/latex/fontspec/fontspec-xetex.sty
Package: fontspec-xetex 2025/09/29 v2.9g Font selection for XeLaTeX and LuaLaTe
X
\l__fontspec_script_int=\count374
\l__fontspec_language_int=\count375
\l__fontspec_strnum_int=\count376
\l__fontspec_tmp_int=\count377
\l__fontspec_tmpa_int=\count378
\l__fontspec_tmpb_int=\count379
\l__fontspec_tmpc_int=\count380
\l__fontspec_em_int=\count381
\l__fontspec_emdef_int=\count382
\l__fontspec_strong_int=\count383
\l__fontspec_strongdef_int=\count384
\l__fontspec_tmpa_dim=\dimen301
\l__fontspec_tmpb_dim=\dimen302
\l__fontspec_tmpc_dim=\dimen303

(/usr/share/texmf-dist/tex/latex/base/fontenc.sty
Package: fontenc 2025/07/18 v2.1d Standard LaTeX package
)
(/usr/share/texmf-dist/tex/latex/fontspec/fontspec.cfg)))
(/usr/share/texmf-dist/tex/latex/unicode-math/unicode-math.sty
Package: unicode-math 2023/08/13 v0.8r Unicode maths in XeLaTeX and LuaLaTeX

(/usr/share/texmf-dist/tex/latex/unicode-math/unicode-math-xetex.sty
Package: unicode-math-xetex 2023/08/13 v0.8r Unicode maths in XeLaTeX and LuaLa
TeX

(/usr/share/texmf-dist/tex/latex/l3packages/l3keys2e/l3keys2e.sty
Package: l3keys2e 2025-10-09 LaTeX2e option processing using LaTeX3 keys
)
(/usr/share/texmf-dist/tex/latex/base/fix-cm.sty
Package: fix-cm 2020/11/24 v1.1t fixes to LaTeX

(/usr/share/texmf-dist/tex/latex/base/ts1enc.def
File: ts1enc.def 2001/06/05 v3.0e (jk/car/fm) Standard LaTeX file
LaTeX Font Info:    Redeclaring font encoding TS1 on input line 47.
LaTeX Encoding Info:    Redeclaring text command \capitalcedilla (encoding TS1)
 on input line 49.
LaTeX Encoding Info:    Redeclaring text command \capitalogonek (encoding TS1) 
on input line 52.
LaTeX Encoding Info:    Redeclaring text command \capitalgrave (encoding TS1) o
n input line 55.
LaTeX Encoding Info:    Redeclaring text command \capitalacute (encoding TS1) o
n input line 56.
LaTeX Encoding Info:    Redeclaring text command \capitalcircumflex (encoding T
S1) on input line 57.
LaTeX Encoding Info:    Redeclaring text command \capitaltilde (encoding TS1) o
n input line 58.
LaTeX Encoding Info:    Redeclaring text command \capitaldieresis (encoding TS1
) on input line 59.
LaTeX Encoding Info:    Redeclaring text command \capitalhungarumlaut (encoding
 TS1) on input line 60.
LaTeX Encoding Info:    Redeclaring text command \capitalring (encoding TS1) on
 input line 61.
LaTeX Encoding Info:    Redeclaring text command \capitalcaron (encoding TS1) o
n input line 62.
LaTeX Encoding Info:    Redeclaring text command \capitalbreve (encoding TS1) o
n input line 63.
LaTeX Encoding Info:    Redeclaring text command \capitalmacron (encoding TS1) 
on input line 64.
LaTeX Encoding Info:    Redeclaring text command \capitaldotaccent (encoding TS
1) on input line 65.
LaTeX Encoding Info:    Redeclaring text command \t (encoding TS1) on input lin
e 66.
LaTeX Encoding Info:    Redeclaring text command \capitaltie (encoding TS1) on 
input line 67.
LaTeX Encoding Info:    Redeclaring text command \newtie (encoding TS1) on inpu
t line 68.
LaTeX Encoding Info:    Redeclaring text command \capitalnewtie (encoding TS1) 
on input line 69.
LaTeX Encoding Info:    Redeclaring text symbol \textcapitalcompwordmark (encod
ing TS1) on input line 70.
LaTeX Encoding Info:    Redeclaring text symbol \textascendercompwordmark (enco
ding TS1) on input line 71.
LaTeX Encoding Info:    Redeclaring text symbol \textquotestraightbase (encodin
g TS1) on input line 72.
LaTeX Encoding Info:    Redeclaring text symbol \textquotestraightdblbase (enco
ding TS1) on input line 73.
LaTeX Encoding Info:    Redeclaring text symbol \texttwelveudash (encoding TS1)
 on input line 74.
LaTeX Encoding Info:    Redeclaring text symbol \textthreequartersemdash (encod
ing TS1) on input line 75.
LaTeX Encoding Info:    Redeclaring text symbol \textleftarrow (encoding TS1) o
n input line 76.
LaTeX Encoding Info:    Redeclaring text symbol \textrightarrow (encoding TS1) 
on input line 77.
LaTeX Encoding Info:    Redeclaring text symbol \textblank (encoding TS1) on in
put line 78.
LaTeX Encoding Info:    Redeclaring text symbol \textdollar (encoding TS1) on i
nput line 79.
LaTeX Encoding Info:    Redeclaring text symbol \textquotesingle (encoding TS1)
 on input line 80.
LaTeX Encoding Info:    Redeclaring text command \textasteriskcentered (encodin
g TS1) on input line 81.
LaTeX Encoding Info:    Redeclaring text symbol \textdblhyphen (encoding TS1) o
n input line 92.
LaTeX Encoding Info:    Redeclaring text symbol \textfractionsolidus (encoding 
TS1) on input line 93.
LaTeX Encoding Info:    Redeclaring text symbol \textzerooldstyle (encoding TS1
) on input line 94.
LaTeX Encoding Info:    Redeclaring text symbol \textoneoldstyle (encoding TS1)
 on input line 95.
LaTeX Encoding Info:    Redeclaring text symbol \texttwooldstyle (encoding TS1)
 on input line 96.
LaTeX Encoding Info:    Redeclaring text symbol \textthreeoldstyle (encoding TS
1) on input line 97.
LaTeX Encoding Info:    Redeclaring text symbol \textfouroldstyle (encoding TS1
) on input line 98.
LaTeX Encoding Info:    Redeclaring text symbol \textfiveoldstyle (encoding TS1
) on input line 99.
LaTeX Encoding Info:    Redeclaring text symbol \textsixoldstyle (encoding TS1)
 on input line 100.
LaTeX Encoding Info:    Redeclaring text symbol \textsevenoldstyle (encoding TS
1) on input line 101.
LaTeX Encoding Info:    Redeclaring text symbol \texteightoldstyle (encoding TS
1) on input line 102.
LaTeX Encoding Info:    Redeclaring text symbol \textnineoldstyle (encoding TS1
) on input line 103.
LaTeX Encoding Info:    Redeclaring text symbol \textlangle (encoding TS1) on i
nput line 104.
LaTeX Encoding Info:    Redeclaring text symbol \textminus (encoding TS1) on in
put line 105.
LaTeX Encoding Info:    Redeclaring text symbol \textrangle (encoding TS1) on i
nput line 106.
LaTeX Encoding Info:    Redeclaring text symbol \textmho (encoding TS1) on inpu
t line 107.
LaTeX Encoding Info:    Redeclaring text symbol \textbigcircle (encoding TS1) o
n input line 108.
LaTeX Encoding Info:    Redeclaring text command \textcircled (encoding TS1) on
 input line 109.
LaTeX Encoding Info:    Redeclaring text symbol \textohm (encoding TS1) on inpu
t line 115.
LaTeX Encoding Info:    Redeclaring text symbol \textlbrackdbl (encoding TS1) o
n input line 116.
LaTeX Encoding Info:    Redeclaring text symbol \textrbrackdbl (encoding TS1) o
n input line 117.
LaTeX Encoding Info:    Redeclaring text symbol \textuparrow (encoding TS1) on 
input line 118.
LaTeX Encoding Info:    Redeclaring text symbol \textdownarrow (encoding TS1) o
n input line 119.
LaTeX Encoding Info:    Redeclaring text symbol \textasciigrave (encoding TS1) 
on input line 120.
LaTeX Encoding Info:    Redeclaring text symbol \textborn (encoding TS1) on inp
ut line 121.
LaTeX Encoding Info:    Redeclaring text symbol \textdivorced (encoding TS1) on
 input line 122.
LaTeX Encoding Info:    Redeclaring text symbol \textdied (encoding TS1) on inp
ut line 123.
LaTeX Encoding Info:    Redeclaring text symbol \textleaf (encoding TS1) on inp
ut line 124.
LaTeX Encoding Info:    Redeclaring text symbol \textmarried (encoding TS1) on 
input line 125.
LaTeX Encoding Info:    Redeclaring text symbol \textmusicalnote (encoding TS1)
 on input line 126.
LaTeX Encoding Info:    Redeclaring text symbol \texttildelow (encoding TS1) on
 input line 127.
LaTeX Encoding Info:    Redeclaring text symbol \textdblhyphenchar (encoding TS
1) on input line 128.
LaTeX Encoding Info:    Redeclaring text symbol \textasciibreve (encoding TS1) 
on input line 129.
LaTeX Encoding Info:    Redeclaring text symbol \textasciicaron (encoding TS1) 
on input line 130.
LaTeX Encoding Info:    Redeclaring text symbol \textacutedbl (encoding TS1) on
 input line 131.
LaTeX Encoding Info:    Redeclaring text symbol \textgravedbl (encoding TS1) on
 input line 132.
LaTeX Encoding Info:    Redeclaring text symbol \textdagger (encoding TS1) on i
nput line 133.
LaTeX Encoding Info:    Redeclaring text symbol \textdaggerdbl (encoding TS1) o
n input line 134.
LaTeX Encoding Info:    Redeclaring text symbol \textbardbl (encoding TS1) on i
nput line 135.
LaTeX Encoding Info:    Redeclaring text symbol \textperthousand (encoding TS1)
 on input line 136.
LaTeX Encoding Info:    Redeclaring text symbol \textbullet (encoding TS1) on i
nput line 137.
LaTeX Encoding Info:    Redeclaring text symbol \textcelsius (encoding TS1) on 
input line 138.
LaTeX Encoding Info:    Redeclaring text symbol \textdollaroldstyle (encoding T
S1) on input line 139.
LaTeX Encoding Info:    Redeclaring text symbol \textcentoldstyle (encoding TS1
) on input line 140.
LaTeX Encoding Info:    Redeclaring text symbol \textflorin (encoding TS1) on i
nput line 141.
LaTeX Encoding Info:    Redeclaring text symbol \textcolonmonetary (encoding TS
1) on input line 142.
LaTeX Encoding Info:    Redeclaring text symbol \textwon (encoding TS1) on inpu
t line 143.
LaTeX Encoding Info:    Redeclaring text symbol \textnaira (encoding TS1) on in
put line 144.
LaTeX Encoding Info:    Redeclaring text symbol \textguarani (encoding TS1) on 
input line 145.
LaTeX Encoding Info:    Redeclaring text symbol \textpeso (encoding TS1) on inp
ut line 146.
LaTeX Encoding Info:    Redeclaring text symbol \textlira (encoding TS1) on inp
ut line 147.
LaTeX Encoding Info:    Redeclaring text symbol \textrecipe (encoding TS1) on i
nput line 148.
LaTeX Encoding Info:    Redeclaring text symbol \textinterrobang (encoding TS1)
 on input line 149.
LaTeX Encoding Info:    Redeclaring text symbol \textinterrobangdown (encoding 
TS1) on input line 150.
LaTeX Encoding Info:    Redeclaring text symbol \textdong (encoding TS1) on inp
ut line 151.
LaTeX Encoding Info:    Redeclaring text symbol \texttrademark (encoding TS1) o
n input line 152.
LaTeX Encoding Info:    Redeclaring text symbol \textpertenthousand (encoding T
S1) on input line 153.
LaTeX Encoding Info:    Redeclaring text symbol \textpilcrow (encoding TS1) on 
input line 154.
LaTeX Encoding Info:    Redeclaring text symbol \textbaht (encoding TS1) on inp
ut line 155.
LaTeX Encoding Info:    Redeclaring text symbol \textnumero (encoding TS1) on i
nput line 156.
LaTeX Encoding Info:    Redeclaring text symbol \textdiscount (encoding TS1) on
 input line 157.
LaTeX Encoding Info:    Redeclaring text symbol \textestimated (encoding TS1) o
n input line 158.
LaTeX Encoding Info:    Redeclaring text symbol \textopenbullet (encoding TS1) 
on input line 159.
LaTeX Encoding Info:    Redeclaring text symbol \textservicemark (encoding TS1)
 on input line 160.
LaTeX Encoding Info:    Redeclaring text symbol \textlquill (encoding TS1) on i
nput line 161.
LaTeX Encoding Info:    Redeclaring text symbol \textrquill (encoding TS1) on i
nput line 162.
LaTeX Encoding Info:    Redeclaring text symbol \textcent (encoding TS1) on inp
ut line 163.
LaTeX Encoding Info:    Redeclaring text symbol \textsterling (encoding TS1) on
 input line 164.
LaTeX Encoding Info:    Redeclaring text symbol \textcurrency (encoding TS1) on
 input line 165.
LaTeX Encoding Info:    Redeclaring text symbol \textyen (encoding TS1) on inpu
t line 166.
LaTeX Encoding Info:    Redeclaring text symbol \textbrokenbar (encoding TS1) o
n input line 167.
LaTeX Encoding Info:    Redeclaring text symbol \textsection (encoding TS1) on 
input line 168.
LaTeX Encoding Info:    Redeclaring text symbol \textasciidieresis (encoding TS
1) on input line 169.
LaTeX Encoding Info:    Redeclaring text symbol \textcopyright (encoding TS1) o
n input line 170.
LaTeX Encoding Info:    Redeclaring text symbol \textordfeminine (encoding TS1)
 on input line 171.
LaTeX Encoding Info:    Redeclaring text symbol \textcopyleft (encoding TS1) on
 input line 172.
LaTeX Encoding Info:    Redeclaring text symbol \textlnot (encoding TS1) on inp
ut line 173.
LaTeX Encoding Info:    Redeclaring text symbol \textcircledP (encoding TS1) on
 input line 174.
LaTeX Encoding Info:    Redeclaring text symbol \textregistered (encoding TS1) 
on input line 175.
LaTeX Encoding Info:    Redeclaring text symbol \textasciimacron (encoding TS1)
 on input line 176.
LaTeX Encoding Info:    Redeclaring text symbol \textdegree (encoding TS1) on i
nput line 177.
LaTeX Encoding Info:    Redeclaring text symbol \textpm (encoding TS1) on input
 line 178.
LaTeX Encoding Info:    Redeclaring text symbol \texttwosuperior (encoding TS1)
 on input line 179.
LaTeX Encoding Info:    Redeclaring text symbol \textthreesuperior (encoding TS
1) on input line 180.
LaTeX Encoding Info:    Redeclaring text symbol \textasciiacute (encoding TS1) 
on input line 181.
LaTeX Encoding Info:    Redeclaring text symbol \textmu (encoding TS1) on input
 line 182.
LaTeX Encoding Info:    Redeclaring text symbol \textparagraph (encoding TS1) o
n input line 183.
LaTeX Encoding Info:    Redeclaring text symbol \textperiodcentered (encoding T
S1) on input line 184.
LaTeX Encoding Info:    Redeclaring text symbol \textreferencemark (encoding TS
1) on input line 185.
LaTeX Encoding Info:    Redeclaring text symbol \textonesuperior (encoding TS1)
 on input line 186.
LaTeX Encoding Info:    Redeclaring text symbol \textordmasculine (encoding TS1
) on input line 187.
LaTeX Encoding Info:    Redeclaring text symbol \textsurd (encoding TS1) on inp
ut line 188.
LaTeX Encoding Info:    Redeclaring text symbol \textonequarter (encoding TS1) 
on input line 189.
LaTeX Encoding Info:    Redeclaring text symbol \textonehalf (encoding TS1) on 
input line 190.
LaTeX Encoding Info:    Redeclaring text symbol \textthreequarters (encoding TS
1) on input line 191.
LaTeX Encoding Info:    Redeclaring text symbol \texteuro (encoding TS1) on inp
ut line 192.
LaTeX Encoding Info:    Redeclaring text symbol \texttimes (encoding TS1) on in
put line 193.
LaTeX Encoding Info:    Redeclaring text symbol \textdiv (encoding TS1) on inpu
t line 194.
))
(/usr/share/texmf-dist/tex/latex/amsmath/amsmath.sty
Package: amsmath 2025/07/09 v2.17z AMS math features
\@mathmargin=\skip84

For additional information on amsmath, use the `?' option.
(/usr/share/texmf-dist/tex/latex/amsmath/amstext.sty
Package: amstext 2024/11/17 v2.01 AMS text

(/usr/share/texmf-dist/tex/latex/amsmath/amsgen.sty
File: amsgen.sty 1999/11/30 v2.0 generic functions
\@emptytoks=\toks31
\ex@=\dimen304
))
(/usr/share/texmf-dist/tex/latex/amsmath/amsbsy.sty
Package: amsbsy 1999/11/29 v1.2d Bold Symbols
\pmbraise@=\dimen305
)
(/usr/share/texmf-dist/tex/latex/amsmath/amsopn.sty
Package: amsopn 2022/04/08 v2.04 operator names
)
\inf@bad=\count385
LaTeX Info: Redefining \frac on input line 233.
\uproot@=\count386
\leftroot@=\count387
LaTeX Info: Redefining \overline on input line 398.
LaTeX Info: Redefining \colon on input line 409.
\classnum@=\count388
\DOTSCASE@=\count389
LaTeX Info: Redefining \ldots on input line 495.
LaTeX Info: Redefining \dots on input line 498.
LaTeX Info: Redefining \cdots on input line 619.
\Mathstrutbox@=\box148
\strutbox@=\box149
LaTeX Info: Redefining \big on input line 721.
LaTeX Info: Redefining \Big on input line 722.
LaTeX Info: Redefining \bigg on input line 723.
LaTeX Info: Redefining \Bigg on input line 724.
\big@size=\dimen306
LaTeX Font Info:    Redeclaring font encoding OML on input line 742.
LaTeX Font Info:    Redeclaring font encoding OMS on input line 743.
\macc@depth=\count390
LaTeX Info: Redefining \bmod on input line 904.
LaTeX Info: Redefining \pmod on input line 909.
LaTeX Info: Redefining \smash on input line 939.
LaTeX Info: Redefining \relbar on input line 969.
LaTeX Info: Redefining \Relbar on input line 970.
\c@MaxMatrixCols=\count391
\dotsspace@=\muskip17
\c@parentequation=\count392
\dspbrk@lvl=\count393
\tag@help=\toks32
\row@=\count394
\column@=\count395
\maxfields@=\count396
\andhelp@=\toks33
\eqnshift@=\dimen307
\alignsep@=\dimen308
\tagshift@=\dimen309
\tagwidth@=\dimen310
\totwidth@=\dimen311
\lineht@=\dimen312
\@envbody=\toks34
\multlinegap=\skip85
\multlinetaggap=\skip86
\mathdisplay@stack=\toks35
LaTeX Info: Redefining \[ on input line 2950.
LaTeX Info: Redefining \] on input line 2951.
)
\g__um_fam_int=\count397
\g__um_fonts_used_int=\count398
\l__um_primecount_int=\count399
\g__um_primekern_muskip=\muskip18

(/usr/share/texmf-dist/tex/latex/unicode-math/unicode-math-table.tex)))
(/usr/share/texmf-dist/tex/latex/base/makeidx.sty
Package: makeidx 2021/10/04 v1.0m Standard LaTeX package
)
(/usr/share/texmf-dist/tex/latex/base/textcomp.sty
Package: textcomp 2024/04/24 v2.1b Standard LaTeX package
)
(/usr/share/texmf-dist/tex/latex/wasysym/wasysym.sty
Package: wasysym 2020/01/19 v2.4 Wasy-2 symbol support package
\symwasy=\mathgroup6
LaTeX Font Info:    Overwriting symbol font `wasy' in version `bold'
(Font)                  U/wasy/m/n --> U/wasy/b/n on input line 93.
)
(/usr/share/texmf-dist/tex/generic/iftex/ifxetex.sty
Package: ifxetex 2019/10/25 v0.7 ifxetex legacy package. Use iftex instead.
)
(/usr/share/texmf-dist/tex/latex/psnfss/helvet.sty
Package: helvet 2020/03/25 PSNFSS-v9.3 (WaS) 
)
(/usr/share/texmf-dist/tex/latex/psnfss/courier.sty
Package: courier 2020/03/25 PSNFSS-v9.3 (WaS) 
)
(/usr/share/texmf-dist/tex/latex/geometry/geometry.sty
Package: geometry 2020/01/02 v5.9 Page Geometry

(/usr/share/texmf-dist/tex/generic/iftex/ifvtex.sty
Package: ifvtex 2019/10/25 v1.7 ifvtex legacy package. Use iftex instead.
)
\Gm@cnth=\count400
\Gm@cntv=\count401
\c@Gm@tempcnt=\count402
\Gm@bindingoffset=\dimen313
\Gm@wd@mp=\dimen314
\Gm@odd@mp=\dimen315
\Gm@even@mp=\dimen316
\Gm@layoutwidth=\dimen317
\Gm@layoutheight=\dimen318
\Gm@layouthoffset=\dimen319
\Gm@layoutvoffset=\dimen320
\Gm@dimlist=\toks36
)
(/usr/share/texmf-dist/tex/latex/changepage/changepage.sty
Package: changepage 2009/10/20 v1.0c check page and change page layout
\c@cp@cntr=\count403
\cp@tempcnt=\count404
LaTeX Info: Redefining \checkoddpage on input line 59.
)
(/usr/share/texmf-dist/tex/latex/fancyhdr/fancyhdr.sty
Package: fancyhdr 2025/02/07 v5.2 Extensive control of page headers and footers

\f@nch@headwidth=\skip87
\f@nch@offset@elh=\skip88
\f@nch@offset@erh=\skip89
\f@nch@offset@olh=\skip90
\f@nch@offset@orh=\skip91
\f@nch@offset@elf=\skip92
\f@nch@offset@erf=\skip93
\f@nch@offset@olf=\skip94
\f@nch@offset@orf=\skip95
\f@nch@height=\skip96
\f@nch@footalignment=\skip97
\f@nch@widthL=\skip98
\f@nch@widthC=\skip99
\f@nch@widthR=\skip100
\@temptokenb=\toks37
)
(/usr/share/texmf-dist/tex/latex/natbib/natbib.sty
Package: natbib 2010/09/13 8.31b (PWD, AO)
\bibhang=\skip101
\bibsep=\skip102
LaTeX Info: Redefining \cite on input line 694.
\c@NAT@ctr=\count405
)
(/usr/share/texmf-dist/tex/latex/tocloft/tocloft.sty
Package: tocloft 2017/08/31 v2.3i parameterised ToC, etc., typesetting
Package tocloft Info: The document has chapter divisions on input line 51.
\cftparskip=\skip103
\cftbeforetoctitleskip=\skip104
\cftaftertoctitleskip=\skip105
\cftbeforepartskip=\skip106
\cftpartnumwidth=\skip107
\cftpartindent=\skip108
\cftbeforechapskip=\skip109
\cftchapindent=\skip110
\cftchapnumwidth=\skip111
\cftbeforesecskip=\skip112
\cftsecindent=\skip113
\cftsecnumwidth=\skip114
\cftbeforesubsecskip=\skip115
\cftsubsecindent=\skip116
\cftsubsecnumwidth=\skip117
\cftbeforesubsubsecskip=\skip118
\cftsubsubsecindent=\skip119
\cftsubsubsecnumwidth=\skip120
\cftbeforeparaskip=\skip121
\cftparaindent=\skip122
\cftparanumwidth=\skip123
\cftbeforesubparaskip=\skip124
\cftsubparaindent=\skip125
\cftsubparanumwidth=\skip126
\cftbeforeloftitleskip=\skip127
\cftafterloftitleskip=\skip128
\cftbeforefigskip=\skip129
\cftfigindent=\skip130
\cftfignumwidth=\skip131
\c@lofdepth=\count406
\c@lotdepth=\count407
\cftbeforelottitleskip=\skip132
\cftafterlottitleskip=\skip133
\cftbeforetabskip=\skip134
\cfttabindent=\skip135
\cfttabnumwidth=\skip136
)
\@indexfile=\write4
\openout4 = `refman.idx'.


Writing index file refman.idx
(/usr/share/texmf-dist/tex/latex/hyperref/hyperref.sty
Package: hyperref 2026-01-29 v7.01p Hypertext links for LaTeX

(/usr/share/texmf-dist/tex/latex/kvsetkeys/kvsetkeys.sty
Package: kvsetkeys 2022-10-05 v1.19 Key value parser (HO)
)
(/usr/share/texmf-dist/tex/generic/kvdefinekeys/kvdefinekeys.sty
Package: kvdefinekeys 2019-12-19 v1.6 Define keys (HO)
)
(/usr/share/texmf-dist/tex/generic/pdfescape/pdfescape.sty
Package: pdfescape 2019/12/09 v1.15 Implements pdfTeX's escape features (HO)

(/usr/share/texmf-dist/tex/generic/ltxcmds/ltxcmds.sty
Package: ltxcmds 2023-12-04 v1.26 LaTeX kernel commands for general use (HO)
)
(/usr/share/texmf-dist/tex/generic/pdftexcmds/pdftexcmds.sty
Package: pdftexcmds 2020-06-27 v0.33 Utility functions of pdfTeX for LuaTeX (HO
)
Package pdftexcmds Info: \pdf@primitive is available.
Package pdftexcmds Info: \pdf@ifprimitive is available.
Package pdftexcmds Info: \pdfdraftmode not found.
))
(/usr/share/texmf-dist/tex/latex/hycolor/hycolor.sty
Package: hycolor 2020-01-27 v1.10 Color options for hyperref/bookmark (HO)
)
(/usr/share/texmf-dist/tex/latex/hyperref/nameref.sty
Package: nameref 2026-01-29 v2.58 Cross-referencing by name of section

(/usr/share/texmf-dist/tex/latex/refcount/refcount.sty
Package: refcount 2019/12/15 v3.6 Data extraction from label references (HO)
)
(/usr/share/texmf-dist/tex/generic/gettitlestring/gettitlestring.sty
Package: gettitlestring 2019/12/15 v1.6 Cleanup title references (HO)

(/usr/share/texmf-dist/tex/latex/kvoptions/kvoptions.sty
Package: kvoptions 2022-06-15 v3.15 Key value format for package options (HO)
))
\c@section@level=\count408
)
(/usr/share/texmf-dist/tex/generic/stringenc/stringenc.sty
Package: stringenc 2019/11/29 v1.12 Convert strings between diff. encodings (HO
)
)
\@linkdim=\dimen321
\Hy@linkcounter=\count409
\Hy@pagecounter=\count410

(/usr/share/texmf-dist/tex/latex/hyperref/pd1enc.def
File: pd1enc.def 2026-01-29 v7.01p Hyperref: PDFDocEncoding definition (HO)
)
\Hy@SavedSpaceFactor=\count411

(/usr/share/texmf-dist/tex/latex/hyperref/puenc.def
File: puenc.def 2026-01-29 v7.01p Hyperref: PDF Unicode definition (HO)
)
Package hyperref Info: Hyper figures OFF on input line 4201.
Package hyperref Info: Link nesting OFF on input line 4206.
Package hyperref Info: Hyper index ON on input line 4209.
Package hyperref Info: Plain pages OFF on input line 4216.
Package hyperref Info: Backreferencing ON on input line 4219.
Package hyperref Info: Implicit mode ON; LaTeX internals redefined.
Package hyperref Info: Bookmarks ON on input line 4468.

(/usr/share/texmf-dist/tex/latex/hyperref/backref.sty
Package: backref 2025-06-21 v1.45 Bibliographical back referencing

(/usr/share/texmf-dist/tex/latex/rerunfilecheck/rerunfilecheck.sty
Package: rerunfilecheck 2025-06-21 v1.11 Rerun checks for auxiliary files (HO)

(/usr/share/texmf-dist/tex/generic/uniquecounter/uniquecounter.sty
Package: uniquecounter 2019/12/15 v1.4 Provide unlimited unique counter (HO)

(/usr/share/texmf-dist/tex/generic/bigintcalc/bigintcalc.sty
Package: bigintcalc 2019/12/15 v1.5 Expandable calculations on big integers (HO
)
))
Package uniquecounter Info: New unique counter `rerunfilecheck' on input line 2
84.
))
\c@Hy@tempcnt=\count412

(/usr/share/texmf-dist/tex/latex/url/url.sty
\Urlmuskip=\muskip19
Package: url 2013/09/16  ver 3.4  Verb mode for urls, etc.
)
LaTeX Info: Redefining \url on input line 4807.
\XeTeXLinkMargin=\dimen322

(/usr/share/texmf-dist/tex/generic/bitset/bitset.sty
Package: bitset 2019/12/09 v1.3 Handle bit-vector datatype (HO)
)
\Fld@menulength=\count413
\Field@Width=\dimen323
\Fld@charsize=\dimen324
Package hyperref Info: Hyper figures OFF on input line 6084.
Package hyperref Info: Link nesting OFF on input line 6089.
Package hyperref Info: Hyper index ON on input line 6092.
Package hyperref Info: backreferencing ON on input line 6097.
Package hyperref Info: Link coloring OFF on input line 6104.
Package hyperref Info: Link coloring with OCG OFF on input line 6109.
Package hyperref Info: PDF/A mode OFF on input line 6114.
\Hy@abspage=\count414
\c@Item=\count415
\c@Hfootnote=\count416
)
Package hyperref Info: Driver: hxetex.

(/usr/share/texmf-dist/tex/latex/hyperref/hxetex.def
File: hxetex.def 2026-01-29 v7.01p Hyperref driver for XeTeX
\pdfm@box=\box150
\c@Hy@AnnotLevel=\count417
\HyField@AnnotCount=\count418
\Fld@listcount=\count419
\c@bookmark@seq@number=\count420
\Hy@SectionHShift=\skip137
)
Package hyperref Info: Option `colorlinks' set `true' on input line 179.
Package hyperref Info: Option `unicode' set `true' on input line 179.

(/usr/share/texmf-dist/tex/latex/caption/caption.sty
Package: caption 2023/08/05 v3.6o Customizing captions (AR)

(/usr/share/texmf-dist/tex/latex/caption/caption3.sty
Package: caption3 2023/07/31 v2.4d caption3 kernel (AR)
\caption@tempdima=\dimen325
\captionmargin=\dimen326
\caption@leftmargin=\dimen327
\caption@rightmargin=\dimen328
\caption@width=\dimen329
\caption@indent=\dimen330
\caption@parindent=\dimen331
\caption@hangindent=\dimen332
Package caption Info: Standard document class detected.
)
\c@caption@flags=\count421
\c@continuedfloat=\count422
Package caption Info: changepage package is loaded.
\caption@adjustwidth@hsize=\dimen333
\caption@adjustwidth@linewidth=\dimen334
Package caption Info: float package is loaded.
Package caption Info: hyperref package is loaded.
Package caption Info: longtable package is loaded.

(/usr/share/texmf-dist/tex/latex/caption/ltcaption.sty
Package: ltcaption 2021/01/08 v1.4c longtable captions (AR)
))
(/usr/share/texmf-dist/tex/latex/etoc/etoc.sty
Package: etoc 2023/10/29 v1.2d Completely customisable TOCs (JFB)
\Etoc@toctoks=\toks38
\c@etoc@tocid=\count423
\etoc@framed@titlebox=\box151
\etoc@framed@contentsbox=\box152
)
LaTeX Font Info:    Trying to load font information for TU+phv on input line 20
1.
LaTeX Font Info:    No file TUphv.fd. on input line 201.


LaTeX Font Warning: Font shape `TU/phv/m/n' undefined
(Font)              using `TU/lmr/m/n' instead on input line 201.

(./refman.aux)
\openout1 = `refman.aux'.

LaTeX Font Info:    Checking defaults for OML/cmm/m/it on input line 201.
LaTeX Font Info:    ... okay on input line 201.
LaTeX Font Info:    Checking defaults for OMS/cmsy/m/n on input line 201.
LaTeX Font Info:    ... okay on input line 201.
LaTeX Font Info:    Checking defaults for OT1/cmr/m/n on input line 201.
LaTeX Font Info:    ... okay on input line 201.
LaTeX Font Info:    Checking defaults for T1/cmr/m/n on input line 201.
LaTeX Font Info:    ... okay on input line 201.
LaTeX Font Info:    Checking defaults for TS1/cmr/m/n on input line 201.
LaTeX Font Info:    ... okay on input line 201.
LaTeX Font Info:    Checking defaults for TU/lmr/m/n on input line 201.
LaTeX Font Info:    ... okay on input line 201.
LaTeX Font Info:    Checking defaults for OMX/cmex/m/n on input line 201.
LaTeX Font Info:    ... okay on input line 201.
LaTeX Font Info:    Checking defaults for U/cmr/m/n on input line 201.
LaTeX Font Info:    ... okay on input line 201.
LaTeX Font Info:    Checking defaults for PD1/pdf/m/n on input line 201.
LaTeX Font Info:    ... okay on input line 201.
LaTeX Font Info:    Checking defaults for PU/pdf/m/n on input line 201.
LaTeX Font Info:    ... okay on input line 201.
LaTeX Font Info:    Overwriting math alphabet `\mathrm' in version `normal'
(Font)                  OT1/cmr/m/n --> TU/lmr/m/n on input line 201.
LaTeX Font Info:    Overwriting math alphabet `\mathit' in version `normal'
(Font)                  OT1/cmr/m/it --> TU/lmr/m/it on input line 201.
LaTeX Font Info:    Overwriting math alphabet `\mathbf' in version `normal'
(Font)                  OT1/cmr/bx/n --> TU/lmr/bx/n on input line 201.
LaTeX Font Info:    Overwriting math alphabet `\mathsf' in version `normal'
(Font)                  OT1/cmss/m/n --> TU/phv/m/n on input line 201.
LaTeX Font Info:    Overwriting math alphabet `\mathsf' in version `bold'
(Font)                  OT1/cmss/bx/n --> TU/phv/bx/n on input line 201.
LaTeX Font Info:    Overwriting math alphabet `\mathtt' in version `normal'
(Font)                  OT1/cmtt/m/n --> TU/pcr/m/n on input line 201.
LaTeX Font Info:    Overwriting math alphabet `\mathtt' in version `bold'
(Font)                  OT1/cmtt/m/n --> TU/pcr/bx/n on input line 201.

Package fontspec Info: 
(fontspec)             Font family 'latinmodern-math.otf(0)' created for font
(fontspec)             'latinmodern-math.otf' with options
(fontspec)             [Ligatures={TeX},BoldItalicFont={},ItalicFont={},SmallCa
psFont={},Script=Math,BoldFont={latinmodern-math.otf}].
(fontspec)              
(fontspec)              This font family consists of the following NFSS
(fontspec)             series/shapes:
(fontspec)              
(fontspec)             - 'normal' (m/n) with NFSS spec.:
(fontspec)             <->"[latinmodern-math.otf]/OT:script=math;language=dflt;
mapping=tex-text;"
(fontspec)             - 'bold' (b/n) with NFSS spec.:
(fontspec)             <->"[latinmodern-math.otf]/OT:script=math;language=dflt;
mapping=tex-text;"


Package fontspec Info: 
(fontspec)             Font family 'latinmodern-math.otf(1)' created for font
(fontspec)             'latinmodern-math.otf' with options
(fontspec)             [Ligatures={TeX},BoldItalicFont={},ItalicFont={},SmallCa
psFont={},Script=Math,SizeFeatures={{Size=8.5-},{Size=6-8.5,Font=latinmodern-ma
th.otf,Style=MathScript},{Size=-6,Font=latinmodern-math.otf,Style=MathScriptScr
ipt}},BoldFont={latinmodern-math.otf}].
(fontspec)              
(fontspec)              This font family consists of the following NFSS
(fontspec)             series/shapes:
(fontspec)              
(fontspec)             - 'normal' (m/n) with NFSS spec.:
(fontspec)             <8.5->"[latinmodern-math.otf]/OT:script=math;language=df
lt;mapping=tex-text;"<6-8.5>"[latinmodern-math.otf]/OT:script=math;language=dfl
t;+ssty=0;mapping=tex-text;"<-6>"[latinmodern-math.otf]/OT:script=math;language
=dflt;+ssty=1;mapping=tex-text;"
(fontspec)             - 'bold' (b/n) with NFSS spec.:
(fontspec)             <->"[latinmodern-math.otf]/OT:script=math;language=dflt;
mapping=tex-text;"

LaTeX Font Info:    Encoding `OT1' has changed to `TU' for symbol font
(Font)              `operators' in the math version `normal' on input line 201.

LaTeX Font Info:    Overwriting symbol font `operators' in version `normal'
(Font)                  OT1/cmr/m/n --> TU/latinmodern-math.otf(1)/m/n on input
 line 201.
LaTeX Font Info:    Encoding `OT1' has changed to `TU' for symbol font
(Font)              `operators' in the math version `bold' on input line 201.
LaTeX Font Info:    Overwriting symbol font `operators' in version `bold'
(Font)                  OT1/cmr/bx/n --> TU/latinmodern-math.otf(1)/b/n on inpu
t line 201.

Package fontspec Info: 
(fontspec)             latinmodern-math scale = 1.0001.


Package fontspec Info: 
(fontspec)             latinmodern-math scale = 1.0001.


Package fontspec Info: 
(fontspec)             latinmodern-math scale = 1.0001.


Package fontspec Info: 
(fontspec)             latinmodern-math scale = 1.0001.


Package fontspec Info: 
(fontspec)             latinmodern-math scale = 1.0001.


Package fontspec Info: 
(fontspec)             Font family 'latinmodern-math.otf(2)' created for font
(fontspec)             'latinmodern-math.otf' with options
(fontspec)             [Ligatures={TeX},BoldItalicFont={},ItalicFont={},SmallCa
psFont={},Script=Math,SizeFeatures={{Size=8.5-},{Size=6-8.5,Font=latinmodern-ma
th.otf,Style=MathScript},{Size=-6,Font=latinmodern-math.otf,Style=MathScriptScr
ipt}},BoldFont={latinmodern-math.otf},ScaleAgain=1.0001,FontAdjustment={\fontdi
men
(fontspec)             8\font =6.77pt\relax \fontdimen 9\font =3.94pt\relax
(fontspec)             \fontdimen 10\font =4.44pt\relax \fontdimen 11\font
(fontspec)             =6.86pt\relax \fontdimen 12\font =3.45pt\relax
(fontspec)             \fontdimen 13\font =3.63pt\relax \fontdimen 14\font
(fontspec)             =3.63pt\relax \fontdimen 15\font =2.89pt\relax
(fontspec)             \fontdimen 16\font =2.47pt\relax \fontdimen 17\font
(fontspec)             =2.47pt\relax \fontdimen 18\font =2.5pt\relax
(fontspec)             \fontdimen 19\font =2.0pt\relax \fontdimen 22\font
(fontspec)             =2.5pt\relax \fontdimen 20\font =0pt\relax \fontdimen
(fontspec)             21\font =0pt\relax }].
(fontspec)              
(fontspec)              This font family consists of the following NFSS
(fontspec)             series/shapes:
(fontspec)              
(fontspec)             - 'normal' (m/n) with NFSS spec.:
(fontspec)             <8.5->s*[1.0001]"[latinmodern-math.otf]/OT:script=math;l
anguage=dflt;mapping=tex-text;"<6-8.5>s*[1.0001]"[latinmodern-math.otf]/OT:scri
pt=math;language=dflt;+ssty=0;mapping=tex-text;"<-6>s*[1.0001]"[latinmodern-mat
h.otf]/OT:script=math;language=dflt;+ssty=1;mapping=tex-text;"
(fontspec)             - 'bold' (b/n) with NFSS spec.:
(fontspec)             <->s*[1.0001]"[latinmodern-math.otf]/OT:script=math;lang
uage=dflt;mapping=tex-text;"

LaTeX Font Info:    Encoding `OMS' has changed to `TU' for symbol font
(Font)              `symbols' in the math version `normal' on input line 201.
LaTeX Font Info:    Overwriting symbol font `symbols' in version `normal'
(Font)                  OMS/cmsy/m/n --> TU/latinmodern-math.otf(2)/m/n on inpu
t line 201.
LaTeX Font Info:    Encoding `OMS' has changed to `TU' for symbol font
(Font)              `symbols' in the math version `bold' on input line 201.
LaTeX Font Info:    Overwriting symbol font `symbols' in version `bold'
(Font)                  OMS/cmsy/b/n --> TU/latinmodern-math.otf(2)/b/n on inpu
t line 201.

Package fontspec Info: 
(fontspec)             latinmodern-math scale = 0.9999.


Package fontspec Info: 
(fontspec)             latinmodern-math scale = 0.9999.


Package fontspec Info: 
(fontspec)             latinmodern-math scale = 0.9999.


Package fontspec Info: 
(fontspec)             latinmodern-math scale = 0.9999.


Package fontspec Info: 
(fontspec)             latinmodern-math scale = 0.9999.


Package fontspec Info: 
(fontspec)             Font family 'latinmodern-math.otf(3)' created for font
(fontspec)             'latinmodern-math.otf' with options
(fontspec)             [Ligatures={TeX},BoldItalicFont={},ItalicFont={},SmallCa
psFont={},Script=Math,SizeFeatures={{Size=8.5-},{Size=6-8.5,Font=latinmodern-ma
th.otf,Style=MathScript},{Size=-6,Font=latinmodern-math.otf,Style=MathScriptScr
ipt}},BoldFont={latinmodern-math.otf},ScaleAgain=0.9999,FontAdjustment={\fontdi
men
(fontspec)             8\font =0.4pt\relax \fontdimen 9\font =2.0pt\relax
(fontspec)             \fontdimen 10\font =1.67pt\relax \fontdimen 11\font
(fontspec)             =1.11pt\relax \fontdimen 12\font =6.0pt\relax
(fontspec)             \fontdimen 13\font =0pt\relax }].
(fontspec)              
(fontspec)              This font family consists of the following NFSS
(fontspec)             series/shapes:
(fontspec)              
(fontspec)             - 'normal' (m/n) with NFSS spec.:
(fontspec)             <8.5->s*[0.9999]"[latinmodern-math.otf]/OT:script=math;l
anguage=dflt;mapping=tex-text;"<6-8.5>s*[0.9999]"[latinmodern-math.otf]/OT:scri
pt=math;language=dflt;+ssty=0;mapping=tex-text;"<-6>s*[0.9999]"[latinmodern-mat
h.otf]/OT:script=math;language=dflt;+ssty=1;mapping=tex-text;"
(fontspec)             - 'bold' (b/n) with NFSS spec.:
(fontspec)             <->s*[0.9999]"[latinmodern-math.otf]/OT:script=math;lang
uage=dflt;mapping=tex-text;"

LaTeX Font Info:    Encoding `OMX' has changed to `TU' for symbol font
(Font)              `largesymbols' in the math version `normal' on input line 2
01.
LaTeX Font Info:    Overwriting symbol font `largesymbols' in version `normal'
(Font)                  OMX/cmex/m/n --> TU/latinmodern-math.otf(3)/m/n on inpu
t line 201.
LaTeX Font Info:    Encoding `OMX' has changed to `TU' for symbol font
(Font)              `largesymbols' in the math version `bold' on input line 201
.
LaTeX Font Info:    Overwriting symbol font `largesymbols' in version `bold'
(Font)                  OMX/cmex/m/n --> TU/latinmodern-math.otf(3)/b/n on inpu
t line 201.

*geometry* driver: auto-detecting
*geometry* detected driver: xetex
*geometry* verbose mode - [ preamble ] result:
* driver: xetex
* paper: a4paper
* layout: <same size as paper>
* layoutoffset:(h,v)=(0.0pt,0.0pt)
* modes: twoside 
* h-part:(L,W,R)=(71.13188pt, 455.24411pt, 71.13188pt)
* v-part:(T,H,B)=(71.13188pt, 702.78308pt, 71.13188pt)
* \paperwidth=597.50787pt
* \paperheight=845.04684pt
* \textwidth=455.24411pt
* \textheight=702.78308pt
* \oddsidemargin=-1.1381pt
* \evensidemargin=-1.1381pt
* \topmargin=-31.2056pt
* \headheight=12.0pt
* \headsep=18.06749pt
* \topskip=10.0pt
* \footskip=25.29494pt
* \marginparwidth=125.0pt
* \marginparsep=7.0pt
* \columnsep=10.0pt
* \skip\footins=9.0pt plus 4.0pt minus 2.0pt
* \hoffset=0.0pt
* \voffset=0.0pt
* \mag=1000
* \@twocolumnfalse
* \@twosidetrue
* \@mparswitchtrue
* \@reversemarginfalse
* (1in=72.27pt=25.4mm, 1cm=28.453pt)

Package backref Info: ** backref set up for natbib ** on input line 201.
Package hyperref Info: Link coloring ON on input line 201.
(./refman.out) (./refman.out)
\@outlinefile=\write5
\openout5 = `refman.out'.

Package caption Info: Begin \AtBeginDocument code.
Package caption Info: End \AtBeginDocument code.
\Etoc@tf=\read4
 [1


] [2

]
\tf@toc=\write6
\openout6 = `refman.toc'.



LaTeX Font Warning: Font shape `TU/phv/b/n' undefined
(Font)              using `TU/phv/bx/n' instead on input line 216.


LaTeX Font Warning: Font shape `TU/phv/bx/n' undefined
(Font)              using `TU/phv/m/n' instead on input line 216.


LaTeX Font Warning: Font shape `TU/phv/b/n' undefined
(Font)              using `TU/phv/bx/n' instead on input line 216.

LaTeX Font Info:    Font shape `TU/latinmodern-math.otf(2)/m/n' will be
(Font)              scaled to size 10.00107pt on input line 216.
LaTeX Font Info:    Font shape `TU/latinmodern-math.otf(2)/m/n' will be
(Font)              scaled to size 7.00075pt on input line 216.
LaTeX Font Info:    Font shape `TU/latinmodern-math.otf(2)/m/n' will be
(Font)              scaled to size 5.00053pt on input line 216.
LaTeX Font Info:    Font shape `TU/latinmodern-math.otf(3)/m/n' will be
(Font)              scaled to size 9.99893pt on input line 216.
LaTeX Font Info:    Font shape `TU/latinmodern-math.otf(3)/m/n' will be
(Font)              scaled to size 6.99925pt on input line 216.
LaTeX Font Info:    Font shape `TU/latinmodern-math.otf(3)/m/n' will be
(Font)              scaled to size 4.99947pt on input line 216.
LaTeX Font Info:    Trying to load font information for U+msa on input line 216
.
(/usr/share/texmf-dist/tex/latex/amsfonts/umsa.fd
File: umsa.fd 2013/01/14 v3.01 AMS symbols A
)
LaTeX Font Info:    Trying to load font information for U+msb on input line 216
.

(/usr/share/texmf-dist/tex/latex/amsfonts/umsb.fd
File: umsb.fd 2013/01/14 v3.01 AMS symbols B
)
LaTeX Font Info:    Trying to load font information for U+wasy on input line 21
6.

(/usr/share/texmf-dist/tex/latex/wasysym/uwasy.fd
File: uwasy.fd 2020/01/19 v2.4 Wasy-2 symbol font definitions
)

LaTeX Font Warning: Font shape `TU/phv/b/n' undefined
(Font)              using `TU/phv/bx/n' instead on input line 216.


LaTeX Font Warning: Font shape `TU/phv/b/n' undefined
(Font)              using `TU/phv/bx/n' instead on input line 216.


LaTeX Font Warning: Font shape `TU/phv/b/n' undefined
(Font)              using `TU/phv/bx/n' instead on input line 216.


LaTeX Font Warning: Font shape `TU/phv/b/n' undefined
(Font)              using `TU/phv/bx/n' instead on input line 216.


LaTeX Font Warning: Font shape `TU/phv/b/n' undefined
(Font)              using `TU/phv/bx/n' instead on input line 216.


LaTeX Font Warning: Font shape `TU/phv/b/n' undefined
(Font)              using `TU/phv/bx/n' instead on input line 216.


LaTeX Font Warning: Font shape `TU/phv/b/n' undefined
(Font)              using `TU/phv/bx/n' instead on input line 216.


LaTeX Font Warning: Font shape `TU/phv/b/n' undefined
(Font)              using `TU/phv/bx/n' instead on input line 216.


LaTeX Font Warning: Font shape `TU/phv/b/n' undefined
(Font)              using `TU/phv/bx/n' instead on input line 216.


LaTeX Font Warning: Font shape `TU/phv/b/n' undefined
(Font)              using `TU/phv/bx/n' instead on input line 216.


LaTeX Font Warning: Font shape `TU/phv/b/n' undefined
(Font)              using `TU/phv/bx/n' instead on input line 216.


LaTeX Font Warning: Font shape `TU/phv/b/n' undefined
(Font)              using `TU/phv/bx/n' instead on input line 216.


LaTeX Font Warning: Font shape `TU/phv/b/n' undefined
(Font)              using `TU/phv/bx/n' instead on input line 216.


LaTeX Font Warning: Font shape `TU/phv/b/n' undefined
(Font)              using `TU/phv/bx/n' instead on input line 216.


LaTeX Font Warning: Font shape `TU/phv/b/n' undefined
(Font)              using `TU/phv/bx/n' instead on input line 216.


LaTeX Font Warning: Font shape `TU/phv/b/n' undefined
(Font)              using `TU/phv/bx/n' instead on input line 216.

[1] [2

]
Chapter 1.

LaTeX Font Warning: Font shape `TU/phv/b/n' undefined
(Font)              using `TU/phv/bx/n' instead on input line 219.

(./annotated.tex

LaTeX Font Warning: Font shape `TU/phv/b/n' undefined
(Font)              using `TU/phv/bx/n' instead on input line 1.

Missing character: There is no К (U+041A) in font [lmroman10-regular]:mapping=t
ex-text;!
Missing character: There is no л (U+043B) in font [lmroman10-regular]:mapping=t
ex-text;!
Missing character: There is no а (U+0430) in font [lmroman10-regular]:mapping=t
ex-text;!
Missing character: There is no с (U+0441) in font [lmroman10-regular]:mapping=t
ex-text;!
Missing character: There is no с (U+0441) in font [lmroman10-regular]:mapping=t
ex-text;!
Missing character: There is no и (U+0438) in font [lmroman10-regular]:mapping=t
ex-text;!
Missing character: There is no г (U+0433) in font [lmroman10-regular]:mapping=t
ex-text;!
Missing character: There is no р (U+0440) in font [lmroman10-regular]:mapping=t
ex-text;!
Missing character: There is no ы (U+044B) in font [lmroman10-regular]:mapping=t
ex-text;!
Missing character: There is no К (U+041A) in font [lmroman10-regular]:mapping=t
ex-text;!
Missing character: There is no р (U+0440) in font [lmroman10-regular]:mapping=t
ex-text;!
Missing character: There is no е (U+0435) in font [lmroman10-regular]:mapping=t
ex-text;!
Missing character: There is no с (U+0441) in font [lmroman10-regular]:mapping=t
ex-text;!
Missing character: There is no т (U+0442) in font [lmroman10-regular]:mapping=t
ex-text;!
Missing character: There is no и (U+0438) in font [lmroman10-regular]:mapping=t
ex-text;!
Missing character: There is no к (U+043A) in font [lmroman10-regular]:mapping=t
ex-text;!
Missing character: There is no и (U+0438) in font [lmroman10-regular]:mapping=t
ex-text;!
Missing character: There is no н (U+043D) in font [lmroman10-regular]:mapping=t
ex-text;!
Missing character: There is no о (U+043E) in font [lmroman10-regular]:mapping=t
ex-text;!
Missing character: There is no л (U+043B) in font [lmroman10-regular]:mapping=t
ex-text;!
Missing character: There is no и (U+0438) in font [lmroman10-regular]:mapping=t
ex-text;!
Missing character: There is no к (U+043A) in font [lmroman10-regular]:mapping=t
ex-text;!
Missing character: There is no и (U+0438) in font [lmroman10-regular]:mapping=t
ex-text;!
)

LaTeX Font Warning: Font shape `TU/phv/b/n' undefined
(Font)              using `TU/phv/bx/n' instead on input line 221.

[1

]

LaTeX Font Warning: Font shape `TU/phv/b/n' undefined
(Font)              using `TU/phv/bx/n' instead on input line 221.


LaTeX Font Warning: Font shape `TU/phv/b/n' undefined
(Font)              using `TU/phv/bx/n' instead on input line 221.


LaTeX Font Warning: Font shape `TU/phv/b/n' undefined
(Font)              using `TU/phv/bx/n' instead on input line 221.

[2

]
Chapter 2.

LaTeX Font Warning: Font shape `TU/phv/b/n' undefined
(Font)              using `TU/phv/bx/n' instead on input line 221.

(./files.tex

LaTeX Font Warning: Font shape `TU/phv/b/n' undefined
(Font)              using `TU/phv/bx/n' instead on input line 1.

Missing character: There is no Т (U+0422) in font [lmroman10-regular]:mapping=t
ex-text;!
Missing character: There is no о (U+043E) in font [lmroman10-regular]:mapping=t
ex-text;!
Missing character: There is no ч (U+0447) in font [lmroman10-regular]:mapping=t
ex-text;!
Missing character: There is no к (U+043A) in font [lmroman10-regular]:mapping=t
ex-text;!
Missing character: There is no а (U+0430) in font [lmroman10-regular]:mapping=t
ex-text;!
Missing character: There is no в (U+0432) in font [lmroman10-regular]:mapping=t
ex-text;!
Missing character: There is no х (U+0445) in font [lmroman10-regular]:mapping=t
ex-text;!
Missing character: There is no о (U+043E) in font [lmroman10-regular]:mapping=t
ex-text;!
Missing character: There is no д (U+0434) in font [lmroman10-regular]:mapping=t
ex-text;!
Missing character: There is no а (U+0430) in font [lmroman10-regular]:mapping=t
ex-text;!
Missing character: There is no в (U+0432) in font [lmroman10-regular]:mapping=t
ex-text;!
Missing character: There is no п (U+043F) in font [lmroman10-regular]:mapping=t
ex-text;!
Missing character: There is no р (U+0440) in font [lmroman10-regular]:mapping=t
ex-text;!
Missing character: There is no о (U+043E) in font [lmroman10-regular]:mapping=t
ex-text;!
Missing character: There is no г (U+0433) in font [lmroman10-regular]:mapping=t
ex-text;!
Missing character: There is no р (U+0440) in font [lmroman10-regular]:mapping=t
ex-text;!
Missing character: There is no а (U+0430) in font [lmroman10-regular]:mapping=t
ex-text;!
Missing character: There is no м (U+043C) in font [lmroman10-regular]:mapping=t
ex-text;!
Missing character: There is no м (U+043C) in font [lmroman10-regular]:mapping=t
ex-text;!
Missing character: There is no у (U+0443) in font [lmroman10-regular]:mapping=t
ex-text;!
Missing character: There is no К (U+041A) in font [lmroman10-regular]:mapping=t
ex-text;!
Missing character: There is no р (U+0440) in font [lmroman10-regular]:mapping=t
ex-text;!
Missing character: There is no е (U+0435) in font [lmroman10-regular]:mapping=t
ex-text;!
Missing character: There is no с (U+0441) in font [lmroman10-regular]:mapping=t
ex-text;!
Missing character: There is no т (U+0442) in font [lmroman10-regular]:mapping=t
ex-text;!
Missing character: There is no и (U+0438) in font [lmroman10-regular]:mapping=t
ex-text;!
Missing character: There is no к (U+043A) in font [lmroman10-regular]:mapping=t
ex-text;!
Missing character: There is no и (U+0438) in font [lmroman10-regular]:mapping=t
ex-text;!
Missing character: There is no н (U+043D) in font [lmroman10-regular]:mapping=t
ex-text;!
Missing character: There is no о (U+043E) in font [lmroman10-regular]:mapping=t
ex-text;!
Missing character: There is no л (U+043B) in font [lmroman10-regular]:mapping=t
ex-text;!
Missing character: There is no и (U+0438) in font [lmroman10-regular]:mapping=t
ex-text;!
Missing character: There is no к (U+043A) in font [lmroman10-regular]:mapping=t
ex-text;!
Missing character: There is no и (U+0438) in font [lmroman10-regular]:mapping=t
ex-text;!
Missing character: There is no Р (U+0420) in font [lmroman10-regular]:mapping=t
ex-text;!
Missing character: There is no е (U+0435) in font [lmroman10-regular]:mapping=t
ex-text;!
Missing character: There is no а (U+0430) in font [lmroman10-regular]:mapping=t
ex-text;!
Missing character: There is no л (U+043B) in font [lmroman10-regular]:mapping=t
ex-text;!
Missing character: There is no и (U+0438) in font [lmroman10-regular]:mapping=t
ex-text;!
Missing character: There is no з (U+0437) in font [lmroman10-regular]:mapping=t
ex-text;!
Missing character: There is no а (U+0430) in font [lmroman10-regular]:mapping=t
ex-text;!
Missing character: There is no ц (U+0446) in font [lmroman10-regular]:mapping=t
ex-text;!
Missing character: There is no и (U+0438) in font [lmroman10-regular]:mapping=t
ex-text;!
Missing character: There is no я (U+044F) in font [lmroman10-regular]:mapping=t
ex-text;!
Missing character: There is no к (U+043A) in font [lmroman10-regular]:mapping=t
ex-text;!
Missing character: There is no л (U+043B) in font [lmroman10-regular]:mapping=t
ex-text;!
Missing character: There is no а (U+0430) in font [lmroman10-regular]:mapping=t
ex-text;!
Missing character: There is no с (U+0441) in font [lmroman10-regular]:mapping=t
ex-text;!
Missing character: There is no с (U+0441) in font [lmroman10-regular]:mapping=t
ex-text;!
Missing character: There is no а (U+0430) in font [lmroman10-regular]:mapping=t
ex-text;!
Missing character: There is no О (U+041E) in font [lmroman10-regular]:mapping=t
ex-text;!
Missing character: There is no б (U+0431) in font [lmroman10-regular]:mapping=t
ex-text;!
Missing character: There is no ъ (U+044A) in font [lmroman10-regular]:mapping=t
ex-text;!
Missing character: There is no я (U+044F) in font [lmroman10-regular]:mapping=t
ex-text;!
Missing character: There is no в (U+0432) in font [lmroman10-regular]:mapping=t
ex-text;!
Missing character: There is no л (U+043B) in font [lmroman10-regular]:mapping=t
ex-text;!
Missing character: There is no е (U+0435) in font [lmroman10-regular]:mapping=t
ex-text;!
Missing character: There is no н (U+043D) in font [lmroman10-regular]:mapping=t
ex-text;!
Missing character: There is no и (U+0438) in font [lmroman10-regular]:mapping=t
ex-text;!
Missing character: There is no е (U+0435) in font [lmroman10-regular]:mapping=t
ex-text;!
Missing character: There is no к (U+043A) in font [lmroman10-regular]:mapping=t
ex-text;!
Missing character: There is no л (U+043B) in font [lmroman10-regular]:mapping=t
ex-text;!
Missing character: There is no а (U+0430) in font [lmroman10-regular]:mapping=t
ex-text;!
Missing character: There is no с (U+0441) in font [lmroman10-regular]:mapping=t
ex-text;!
Missing character: There is no с (U+0441) in font [lmroman10-regular]:mapping=t
ex-text;!
Missing character: There is no а (U+0430) in font [lmroman10-regular]:mapping=t
ex-text;!
Missing character: There is no и (U+0438) in font [lmroman10-regular]:mapping=t
ex-text;!
Missing character: There is no г (U+0433) in font [lmroman10-regular]:mapping=t
ex-text;!
Missing character: There is no р (U+0440) in font [lmroman10-regular]:mapping=t
ex-text;!
Missing character: There is no ы (U+044B) in font [lmroman10-regular]:mapping=t
ex-text;!
Missing character: There is no К (U+041A) in font [lmroman10-regular]:mapping=t
ex-text;!
Missing character: There is no р (U+0440) in font [lmroman10-regular]:mapping=t
ex-text;!
Missing character: There is no е (U+0435) in font [lmroman10-regular]:mapping=t
ex-text;!
Missing character: There is no с (U+0441) in font [lmroman10-regular]:mapping=t
ex-text;!
Missing character: There is no т (U+0442) in font [lmroman10-regular]:mapping=t
ex-text;!
Missing character: There is no и (U+0438) in font [lmroman10-regular]:mapping=t
ex-text;!
Missing character: There is no к (U+043A) in font [lmroman10-regular]:mapping=t
ex-text;!
Missing character: There is no и (U+0438) in font [lmroman10-regular]:mapping=t
ex-text;!
Missing character: There is no н (U+043D) in font [lmroman10-regular]:mapping=t
ex-text;!
Missing character: There is no о (U+043E) in font [lmroman10-regular]:mapping=t
ex-text;!
Missing character: There is no л (U+043B) in font [lmroman10-regular]:mapping=t
ex-text;!
Missing character: There is no и (U+0438) in font [lmroman10-regular]:mapping=t
ex-text;!
Missing character: There is no к (U+043A) in font [lmroman10-regular]:mapping=t
ex-text;!
Missing character: There is no и (U+0438) in font [lmroman10-regular]:mapping=t
ex-text;!
)

LaTeX Font Warning: Font shape `TU/phv/b/n' undefined
(Font)              using `TU/phv/bx/n' instead on input line 223.

[3]

LaTeX Font Warning: Font shape `TU/phv/b/n' undefined
(Font)              using `TU/phv/bx/n' instead on input line 223.


LaTeX Font Warning: Font shape `TU/phv/b/n' undefined
(Font)              using `TU/phv/bx/n' instead on input line 223.


LaTeX Font Warning: Font shape `TU/phv/b/n' undefined
(Font)              using `TU/phv/bx/n' instead on input line 223.

[4

]
Chapter 3.

LaTeX Font Warning: Font shape `TU/phv/b/n' undefined
(Font)              using `TU/phv/bx/n' instead on input line 223.

(./classTTT.tex

LaTeX Font Warning: Font shape `TU/phv/b/n' undefined
(Font)              using `TU/phv/bx/n' instead on input line 1.

Missing character: There is no К (U+041A) in font [lmroman10-regular]:mapping=t
ex-text;!
Missing character: There is no л (U+043B) in font [lmroman10-regular]:mapping=t
ex-text;!
Missing character: There is no а (U+0430) in font [lmroman10-regular]:mapping=t
ex-text;!
Missing character: There is no с (U+0441) in font [lmroman10-regular]:mapping=t
ex-text;!
Missing character: There is no с (U+0441) in font [lmroman10-regular]:mapping=t
ex-text;!
Missing character: There is no и (U+0438) in font [lmroman10-regular]:mapping=t
ex-text;!
Missing character: There is no г (U+0433) in font [lmroman10-regular]:mapping=t
ex-text;!
Missing character: There is no р (U+0440) in font [lmroman10-regular]:mapping=t
ex-text;!
Missing character: There is no ы (U+044B) in font [lmroman10-regular]:mapping=t
ex-text;!
Missing character: There is no К (U+041A) in font [lmroman10-regular]:mapping=t
ex-text;!
Missing character: There is no р (U+0440) in font [lmroman10-regular]:mapping=t
ex-text;!
Missing character: There is no е (U+0435) in font [lmroman10-regular]:mapping=t
ex-text;!
Missing character: There is no с (U+0441) in font [lmroman10-regular]:mapping=t
ex-text;!
Missing character: There is no т (U+0442) in font [lmroman10-regular]:mapping=t
ex-text;!
Missing character: There is no и (U+0438) in font [lmroman10-regular]:mapping=t
ex-text;!
Missing character: There is no к (U+043A) in font [lmroman10-regular]:mapping=t
ex-text;!
Missing character: There is no и (U+0438) in font [lmroman10-regular]:mapping=t
ex-text;!
Missing character: There is no н (U+043D) in font [lmroman10-regular]:mapping=t
ex-text;!
Missing character: There is no о (U+043E) in font [lmroman10-regular]:mapping=t
ex-text;!
Missing character: There is no л (U+043B) in font [lmroman10-regular]:mapping=t
ex-text;!
Missing character: There is no и (U+0438) in font [lmroman10-regular]:mapping=t
ex-text;!
Missing character: There is no к (U+043A) in font [lmroman10-regular]:mapping=t
ex-text;!
Missing character: There is no и (U+0438) in font [lmroman10-regular]:mapping=t
ex-text;!
LaTeX Font Info:    Trying to load font information for TU+pcr on input line 10
.
LaTeX Font Info:    No file TUpcr.fd. on input line 10.

LaTeX Font Warning: Font shape `TU/pcr/m/n' undefined
(Font)              using `TU/lmr/m/n' instead on input line 10.


LaTeX Font Warning: Font shape `TU/phv/b/n' undefined
(Font)              using `TU/phv/bx/n' instead on input line 12.


LaTeX Font Warning: Font shape `TU/phv/m/it' undefined
(Font)              using `TU/phv/m/n' instead on input line 16.

Missing character: There is no З (U+0417) in font [lmroman9-regular]:mapping=te
x-text;!
Missing character: There is no а (U+0430) in font [lmroman9-regular]:mapping=te
x-text;!
Missing character: There is no п (U+043F) in font [lmroman9-regular]:mapping=te
x-text;!
Missing character: There is no у (U+0443) in font [lmroman9-regular]:mapping=te
x-text;!
Missing character: There is no с (U+0441) in font [lmroman9-regular]:mapping=te
x-text;!
Missing character: There is no к (U+043A) in font [lmroman9-regular]:mapping=te
x-text;!
Missing character: There is no и (U+0438) in font [lmroman9-regular]:mapping=te
x-text;!
Missing character: There is no г (U+0433) in font [lmroman9-regular]:mapping=te
x-text;!
Missing character: There is no р (U+0440) in font [lmroman9-regular]:mapping=te
x-text;!
Missing character: There is no о (U+043E) in font [lmroman9-regular]:mapping=te
x-text;!
Missing character: There is no в (U+0432) in font [lmroman9-regular]:mapping=te
x-text;!
Missing character: There is no о (U+043E) in font [lmroman9-regular]:mapping=te
x-text;!
Missing character: There is no г (U+0433) in font [lmroman9-regular]:mapping=te
x-text;!
Missing character: There is no о (U+043E) in font [lmroman9-regular]:mapping=te
x-text;!
Missing character: There is no п (U+043F) in font [lmroman9-regular]:mapping=te
x-text;!
Missing character: There is no р (U+0440) in font [lmroman9-regular]:mapping=te
x-text;!
Missing character: There is no о (U+043E) in font [lmroman9-regular]:mapping=te
x-text;!
Missing character: There is no ц (U+0446) in font [lmroman9-regular]:mapping=te
x-text;!
Missing character: There is no е (U+0435) in font [lmroman9-regular]:mapping=te
x-text;!
Missing character: There is no с (U+0441) in font [lmroman9-regular]:mapping=te
x-text;!
Missing character: There is no с (U+0441) in font [lmroman9-regular]:mapping=te
x-text;!
Missing character: There is no а (U+0430) in font [lmroman9-regular]:mapping=te
x-text;!

LaTeX Font Warning: Font shape `TU/phv/b/n' undefined
(Font)              using `TU/phv/bx/n' instead on input line 19.

Missing character: There is no К (U+041A) in font [lmroman10-regular]:mapping=t
ex-text;!
Missing character: There is no л (U+043B) in font [lmroman10-regular]:mapping=t
ex-text;!
Missing character: There is no а (U+0430) in font [lmroman10-regular]:mapping=t
ex-text;!
Missing character: There is no с (U+0441) in font [lmroman10-regular]:mapping=t
ex-text;!
Missing character: There is no с (U+0441) in font [lmroman10-regular]:mapping=t
ex-text;!
Missing character: There is no и (U+0438) in font [lmroman10-regular]:mapping=t
ex-text;!
Missing character: There is no г (U+0433) in font [lmroman10-regular]:mapping=t
ex-text;!
Missing character: There is no р (U+0440) in font [lmroman10-regular]:mapping=t
ex-text;!
Missing character: There is no ы (U+044B) in font [lmroman10-regular]:mapping=t
ex-text;!
Missing character: There is no К (U+041A) in font [lmroman10-regular]:mapping=t
ex-text;!
Missing character: There is no р (U+0440) in font [lmroman10-regular]:mapping=t
ex-text;!
Missing character: There is no е (U+0435) in font [lmroman10-regular]:mapping=t
ex-text;!
Missing character: There is no с (U+0441) in font [lmroman10-regular]:mapping=t
ex-text;!
Missing character: There is no т (U+0442) in font [lmroman10-regular]:mapping=t
ex-text;!
Missing character: There is no и (U+0438) in font [lmroman10-regular]:mapping=t
ex-text;!
Missing character: There is no к (U+043A) in font [lmroman10-regular]:mapping=t
ex-text;!
Missing character: There is no и (U+0438) in font [lmroman10-regular]:mapping=t
ex-text;!
Missing character: There is no н (U+043D) in font [lmroman10-regular]:mapping=t
ex-text;!
Missing character: There is no о (U+043E) in font [lmroman10-regular]:mapping=t
ex-text;!
Missing character: There is no л (U+043B) in font [lmroman10-regular]:mapping=t
ex-text;!
Missing character: There is no и (U+0438) in font [lmroman10-regular]:mapping=t
ex-text;!
Missing character: There is no к (U+043A) in font [lmroman10-regular]:mapping=t
ex-text;!
Missing character: There is no и (U+0438) in font [lmroman10-regular]:mapping=t
ex-text;!
Missing character: There is no Р (U+0420) in font [lmroman10-regular]:mapping=t
ex-text;!
Missing character: There is no е (U+0435) in font [lmroman10-regular]:mapping=t
ex-text;!
Missing character: There is no а (U+0430) in font [lmroman10-regular]:mapping=t
ex-text;!
Missing character: There is no л (U+043B) in font [lmroman10-regular]:mapping=t
ex-text;!
Missing character: There is no и (U+0438) in font [lmroman10-regular]:mapping=t
ex-text;!
Missing character: There is no з (U+0437) in font [lmroman10-regular]:mapping=t
ex-text;!
Missing character: There is no у (U+0443) in font [lmroman10-regular]:mapping=t
ex-text;!
Missing character: There is no е (U+0435) in font [lmroman10-regular]:mapping=t
ex-text;!
Missing character: There is no т (U+0442) in font [lmroman10-regular]:mapping=t
ex-text;!
Missing character: There is no к (U+043A) in font [lmroman10-regular]:mapping=t
ex-text;!
Missing character: There is no о (U+043E) in font [lmroman10-regular]:mapping=t
ex-text;!
Missing character: There is no н (U+043D) in font [lmroman10-regular]:mapping=t
ex-text;!
Missing character: There is no с (U+0441) in font [lmroman10-regular]:mapping=t
ex-text;!
Missing character: There is no о (U+043E) in font [lmroman10-regular]:mapping=t
ex-text;!
Missing character: There is no л (U+043B) in font [lmroman10-regular]:mapping=t
ex-text;!
Missing character: There is no ь (U+044C) in font [lmroman10-regular]:mapping=t
ex-text;!
Missing character: There is no н (U+043D) in font [lmroman10-regular]:mapping=t
ex-text;!
Missing character: There is no у (U+0443) in font [lmroman10-regular]:mapping=t
ex-text;!
Missing character: There is no ю (U+044E) in font [lmroman10-regular]:mapping=t
ex-text;!
Missing character: There is no и (U+0438) in font [lmroman10-regular]:mapping=t
ex-text;!
Missing character: There is no г (U+0433) in font [lmroman10-regular]:mapping=t
ex-text;!
Missing character: There is no р (U+0440) in font [lmroman10-regular]:mapping=t
ex-text;!
Missing character: There is no у (U+0443) in font [lmroman10-regular]:mapping=t
ex-text;!
Missing character: There is no д (U+0434) in font [lmroman10-regular]:mapping=t
ex-text;!
Missing character: There is no л (U+043B) in font [lmroman10-regular]:mapping=t
ex-text;!
Missing character: There is no я (U+044F) in font [lmroman10-regular]:mapping=t
ex-text;!
Missing character: There is no д (U+0434) in font [lmroman10-regular]:mapping=t
ex-text;!
Missing character: There is no в (U+0432) in font [lmroman10-regular]:mapping=t
ex-text;!
Missing character: There is no у (U+0443) in font [lmroman10-regular]:mapping=t
ex-text;!
Missing character: There is no х (U+0445) in font [lmroman10-regular]:mapping=t
ex-text;!
Missing character: There is no и (U+0438) in font [lmroman10-regular]:mapping=t
ex-text;!
Missing character: There is no г (U+0433) in font [lmroman10-regular]:mapping=t
ex-text;!
Missing character: There is no р (U+0440) in font [lmroman10-regular]:mapping=t
ex-text;!
Missing character: There is no о (U+043E) in font [lmroman10-regular]:mapping=t
ex-text;!
Missing character: There is no к (U+043A) in font [lmroman10-regular]:mapping=t
ex-text;!
Missing character: There is no о (U+043E) in font [lmroman10-regular]:mapping=t
ex-text;!
Missing character: There is no в (U+0432) in font [lmroman10-regular]:mapping=t
ex-text;!
Missing character: There is no н (U+043D) in font [lmroman10-regular]:mapping=t
ex-text;!
Missing character: There is no а (U+0430) in font [lmroman10-regular]:mapping=t
ex-text;!
Missing character: There is no п (U+043F) in font [lmroman10-regular]:mapping=t
ex-text;!
Missing character: There is no о (U+043E) in font [lmroman10-regular]:mapping=t
ex-text;!
Missing character: There is no л (U+043B) in font [lmroman10-regular]:mapping=t
ex-text;!
Missing character: There is no е (U+0435) in font [lmroman10-regular]:mapping=t
ex-text;!
Missing character: There is no И (U+0418) in font [lmroman10-regular]:mapping=t
ex-text;!
Missing character: There is no г (U+0433) in font [lmroman10-regular]:mapping=t
ex-text;!
Missing character: There is no р (U+0440) in font [lmroman10-regular]:mapping=t
ex-text;!
Missing character: There is no о (U+043E) in font [lmroman10-regular]:mapping=t
ex-text;!
Missing character: There is no к (U+043A) in font [lmroman10-regular]:mapping=t
ex-text;!
Missing character: There is no и (U+0438) in font [lmroman10-regular]:mapping=t
ex-text;!
Missing character: There is no г (U+0433) in font [lmroman10-regular]:mapping=t
ex-text;!
Missing character: There is no р (U+0440) in font [lmroman10-regular]:mapping=t
ex-text;!
Missing character: There is no а (U+0430) in font [lmroman10-regular]:mapping=t
ex-text;!
Missing character: There is no е (U+0435) in font [lmroman10-regular]:mapping=t
ex-text;!
Missing character: There is no т (U+0442) in font [lmroman10-regular]:mapping=t
ex-text;!
Missing character: There is no с (U+0441) in font [lmroman10-regular]:mapping=t
ex-text;!
Missing character: There is no и (U+0438) in font [lmroman10-regular]:mapping=t
ex-text;!
Missing character: There is no м (U+043C) in font [lmroman10-regular]:mapping=t
ex-text;!
Missing character: There is no в (U+0432) in font [lmroman10-regular]:mapping=t
ex-text;!
Missing character: There is no о (U+043E) in font [lmroman10-regular]:mapping=t
ex-text;!
Missing character: There is no л (U+043B) in font [lmroman10-regular]:mapping=t
ex-text;!
Missing character: There is no о (U+043E) in font [lmroman10-regular]:mapping=t
ex-text;!
Missing character: There is no м (U+043C) in font [lmroman10-regular]:mapping=t
ex-text;!
Missing character: There is no и (U+0438) in font [lmroman10-regular]:mapping=t
ex-text;!
Missing character: There is no г (U+0433) in font [lmroman10-regular]:mapping=t
ex-text;!
Missing character: There is no р (U+0440) in font [lmroman10-regular]:mapping=t
ex-text;!
Missing character: There is no о (U+043E) in font [lmroman10-regular]:mapping=t
ex-text;!
Missing character: There is no к (U+043A) in font [lmroman10-regular]:mapping=t
ex-text;!
Missing character: There is no с (U+0441) in font [lmroman10-regular]:mapping=t
ex-text;!
Missing character: There is no и (U+0438) in font [lmroman10-regular]:mapping=t
ex-text;!
Missing character: There is no м (U+043C) in font [lmroman10-regular]:mapping=t
ex-text;!
Missing character: There is no в (U+0432) in font [lmroman10-regular]:mapping=t
ex-text;!
Missing character: There is no о (U+043E) in font [lmroman10-regular]:mapping=t
ex-text;!
Missing character: There is no л (U+043B) in font [lmroman10-regular]:mapping=t
ex-text;!
Missing character: There is no о (U+043E) in font [lmroman10-regular]:mapping=t
ex-text;!
Missing character: There is no м (U+043C) in font [lmroman10-regular]:mapping=t
ex-text;!

LaTeX Font Warning: Font shape `TU/phv/bc/n' undefined
(Font)              using `TU/phv/m/n' instead on input line 24.


Underfull \hbox (badness 10000) detected at line 24
[][][]
 []

Missing character: There is no П (U+041F) in font [lmroman10-regular]:mapping=t
ex-text;!
Missing character: There is no о (U+043E) in font [lmroman10-regular]:mapping=t
ex-text;!
Missing character: There is no л (U+043B) in font [lmroman10-regular]:mapping=t
ex-text;!
Missing character: There is no е (U+0435) in font [lmroman10-regular]:mapping=t
ex-text;!
Missing character: There is no х (U+0445) in font [lmroman10-regular]:mapping=t
ex-text;!
Missing character: There is no р (U+0440) in font [lmroman10-regular]:mapping=t
ex-text;!
Missing character: There is no а (U+0430) in font [lmroman10-regular]:mapping=t
ex-text;!
Missing character: There is no н (U+043D) in font [lmroman10-regular]:mapping=t
ex-text;!
Missing character: There is no и (U+0438) in font [lmroman10-regular]:mapping=t
ex-text;!
Missing character: There is no т (U+0442) in font [lmroman10-regular]:mapping=t
ex-text;!
Missing character: There is no с (U+0441) in font [lmroman10-regular]:mapping=t
ex-text;!
Missing character: There is no я (U+044F) in font [lmroman10-regular]:mapping=t
ex-text;!
Missing character: There is no к (U+043A) in font [lmroman10-regular]:mapping=t
ex-text;!
Missing character: There is no а (U+0430) in font [lmroman10-regular]:mapping=t
ex-text;!
Missing character: There is no к (U+043A) in font [lmroman10-regular]:mapping=t
ex-text;!
Missing character: There is no д (U+0434) in font [lmroman10-regular]:mapping=t
ex-text;!
Missing character: There is no в (U+0432) in font [lmroman10-regular]:mapping=t
ex-text;!
Missing character: There is no у (U+0443) in font [lmroman10-regular]:mapping=t
ex-text;!
Missing character: There is no м (U+043C) in font [lmroman10-regular]:mapping=t
ex-text;!
Missing character: There is no е (U+0435) in font [lmroman10-regular]:mapping=t
ex-text;!
Missing character: There is no р (U+0440) in font [lmroman10-regular]:mapping=t
ex-text;!
Missing character: There is no н (U+043D) in font [lmroman10-regular]:mapping=t
ex-text;!
Missing character: There is no ы (U+044B) in font [lmroman10-regular]:mapping=t
ex-text;!
Missing character: There is no й (U+0439) in font [lmroman10-regular]:mapping=t
ex-text;!
Missing character: There is no м (U+043C) in font [lmroman10-regular]:mapping=t
ex-text;!
Missing character: There is no а (U+0430) in font [lmroman10-regular]:mapping=t
ex-text;!
Missing character: There is no с (U+0441) in font [lmroman10-regular]:mapping=t
ex-text;!
Missing character: There is no с (U+0441) in font [lmroman10-regular]:mapping=t
ex-text;!
Missing character: There is no и (U+0438) in font [lmroman10-regular]:mapping=t
ex-text;!
Missing character: There is no в (U+0432) in font [lmroman10-regular]:mapping=t
ex-text;!
Missing character: There is no с (U+0441) in font [lmroman10-regular]:mapping=t
ex-text;!
Missing character: There is no и (U+0438) in font [lmroman10-regular]:mapping=t
ex-text;!
Missing character: There is no м (U+043C) in font [lmroman10-regular]:mapping=t
ex-text;!
Missing character: There is no в (U+0432) in font [lmroman10-regular]:mapping=t
ex-text;!
Missing character: There is no о (U+043E) in font [lmroman10-regular]:mapping=t
ex-text;!
Missing character: There is no л (U+043B) in font [lmroman10-regular]:mapping=t
ex-text;!
Missing character: There is no о (U+043E) in font [lmroman10-regular]:mapping=t
ex-text;!
Missing character: There is no в (U+0432) in font [lmroman10-regular]:mapping=t
ex-text;!

Underfull \hbox (badness 10000) detected at line 27
[][][]
 []

Missing character: There is no К (U+041A) in font [lmroman10-regular]:mapping=t
ex-text;!
Missing character: There is no л (U+043B) in font [lmroman10-regular]:mapping=t
ex-text;!
Missing character: There is no а (U+0430) in font [lmroman10-regular]:mapping=t
ex-text;!
Missing character: There is no с (U+0441) in font [lmroman10-regular]:mapping=t
ex-text;!
Missing character: There is no с (U+0441) in font [lmroman10-regular]:mapping=t
ex-text;!
Missing character: There is no н (U+043D) in font [lmroman10-regular]:mapping=t
ex-text;!
Missing character: There is no е (U+0435) in font [lmroman10-regular]:mapping=t
ex-text;!
Missing character: There is no п (U+043F) in font [lmroman10-regular]:mapping=t
ex-text;!
Missing character: There is no о (U+043E) in font [lmroman10-regular]:mapping=t
ex-text;!
Missing character: There is no д (U+0434) in font [lmroman10-regular]:mapping=t
ex-text;!
Missing character: There is no д (U+0434) in font [lmroman10-regular]:mapping=t
ex-text;!
Missing character: There is no е (U+0435) in font [lmroman10-regular]:mapping=t
ex-text;!
Missing character: There is no р (U+0440) in font [lmroman10-regular]:mapping=t
ex-text;!
Missing character: There is no ж (U+0436) in font [lmroman10-regular]:mapping=t
ex-text;!
Missing character: There is no и (U+0438) in font [lmroman10-regular]:mapping=t
ex-text;!
Missing character: There is no в (U+0432) in font [lmroman10-regular]:mapping=t
ex-text;!
Missing character: There is no а (U+0430) in font [lmroman10-regular]:mapping=t
ex-text;!
Missing character: There is no е (U+0435) in font [lmroman10-regular]:mapping=t
ex-text;!
Missing character: There is no т (U+0442) in font [lmroman10-regular]:mapping=t
ex-text;!
Missing character: There is no и (U+0438) in font [lmroman10-regular]:mapping=t
ex-text;!
Missing character: There is no г (U+0433) in font [lmroman10-regular]:mapping=t
ex-text;!
Missing character: There is no р (U+0440) in font [lmroman10-regular]:mapping=t
ex-text;!
Missing character: There is no у (U+0443) in font [lmroman10-regular]:mapping=t
ex-text;!
Missing character: There is no п (U+043F) in font [lmroman10-regular]:mapping=t
ex-text;!
Missing character: There is no р (U+0440) in font [lmroman10-regular]:mapping=t
ex-text;!
Missing character: There is no о (U+043E) in font [lmroman10-regular]:mapping=t
ex-text;!
Missing character: There is no т (U+0442) in font [lmroman10-regular]:mapping=t
ex-text;!
Missing character: There is no и (U+0438) in font [lmroman10-regular]:mapping=t
ex-text;!
Missing character: There is no в (U+0432) in font [lmroman10-regular]:mapping=t
ex-text;!
Missing character: There is no к (U+043A) in font [lmroman10-regular]:mapping=t
ex-text;!
Missing character: There is no о (U+043E) in font [lmroman10-regular]:mapping=t
ex-text;!
Missing character: There is no м (U+043C) in font [lmroman10-regular]:mapping=t
ex-text;!
Missing character: There is no п (U+043F) in font [lmroman10-regular]:mapping=t
ex-text;!
Missing character: There is no ь (U+044C) in font [lmroman10-regular]:mapping=t
ex-text;!
Missing character: There is no ю (U+044E) in font [lmroman10-regular]:mapping=t
ex-text;!
Missing character: There is no т (U+0442) in font [lmroman10-regular]:mapping=t
ex-text;!
Missing character: There is no е (U+0435) in font [lmroman10-regular]:mapping=t
ex-text;!
Missing character: There is no р (U+0440) in font [lmroman10-regular]:mapping=t
ex-text;!
Missing character: There is no а (U+0430) in font [lmroman10-regular]:mapping=t
ex-text;!

LaTeX Font Warning: Font shape `TU/phv/b/n' undefined
(Font)              using `TU/phv/bx/n' instead on input line 33.


LaTeX Font Warning: Font shape `TU/phv/b/n' undefined
(Font)              using `TU/phv/bx/n' instead on input line 36.

Missing character: There is no З (U+0417) in font [lmroman10-regular]:mapping=t
ex-text;!
Missing character: There is no а (U+0430) in font [lmroman10-regular]:mapping=t
ex-text;!
Missing character: There is no п (U+043F) in font [lmroman10-regular]:mapping=t
ex-text;!
Missing character: There is no у (U+0443) in font [lmroman10-regular]:mapping=t
ex-text;!
Missing character: There is no с (U+0441) in font [lmroman10-regular]:mapping=t
ex-text;!
Missing character: There is no к (U+043A) in font [lmroman10-regular]:mapping=t
ex-text;!
Missing character: There is no и (U+0438) in font [lmroman10-regular]:mapping=t
ex-text;!
Missing character: There is no г (U+0433) in font [lmroman10-regular]:mapping=t
ex-text;!
Missing character: There is no р (U+0440) in font [lmroman10-regular]:mapping=t
ex-text;!
Missing character: There is no о (U+043E) in font [lmroman10-regular]:mapping=t
ex-text;!
Missing character: There is no в (U+0432) in font [lmroman10-regular]:mapping=t
ex-text;!
Missing character: There is no о (U+043E) in font [lmroman10-regular]:mapping=t
ex-text;!
Missing character: There is no г (U+0433) in font [lmroman10-regular]:mapping=t
ex-text;!
Missing character: There is no о (U+043E) in font [lmroman10-regular]:mapping=t
ex-text;!
Missing character: There is no п (U+043F) in font [lmroman10-regular]:mapping=t
ex-text;!
Missing character: There is no р (U+0440) in font [lmroman10-regular]:mapping=t
ex-text;!
Missing character: There is no о (U+043E) in font [lmroman10-regular]:mapping=t
ex-text;!
Missing character: There is no ц (U+0446) in font [lmroman10-regular]:mapping=t
ex-text;!
Missing character: There is no е (U+0435) in font [lmroman10-regular]:mapping=t
ex-text;!
Missing character: There is no с (U+0441) in font [lmroman10-regular]:mapping=t
ex-text;!
Missing character: There is no с (U+0441) in font [lmroman10-regular]:mapping=t
ex-text;!
Missing character: There is no а (U+0430) in font [lmroman10-regular]:mapping=t
ex-text;!
Missing character: There is no П (U+041F) in font [lmroman10-regular]:mapping=t
ex-text;!
Missing character: There is no о (U+043E) in font [lmroman10-regular]:mapping=t
ex-text;!
Missing character: There is no с (U+0441) in font [lmroman10-regular]:mapping=t
ex-text;!
Missing character: There is no л (U+043B) in font [lmroman10-regular]:mapping=t
ex-text;!
Missing character: There is no е (U+0435) in font [lmroman10-regular]:mapping=t
ex-text;!
Missing character: There is no д (U+0434) in font [lmroman10-regular]:mapping=t
ex-text;!
Missing character: There is no о (U+043E) in font [lmroman10-regular]:mapping=t
ex-text;!
Missing character: There is no в (U+0432) in font [lmroman10-regular]:mapping=t
ex-text;!
Missing character: There is no а (U+0430) in font [lmroman10-regular]:mapping=t
ex-text;!
Missing character: There is no т (U+0442) in font [lmroman10-regular]:mapping=t
ex-text;!
Missing character: There is no е (U+0435) in font [lmroman10-regular]:mapping=t
ex-text;!
Missing character: There is no л (U+043B) in font [lmroman10-regular]:mapping=t
ex-text;!
Missing character: There is no ь (U+044C) in font [lmroman10-regular]:mapping=t
ex-text;!
Missing character: There is no н (U+043D) in font [lmroman10-regular]:mapping=t
ex-text;!
Missing character: There is no о (U+043E) in font [lmroman10-regular]:mapping=t
ex-text;!
Missing character: There is no в (U+0432) in font [lmroman10-regular]:mapping=t
ex-text;!
Missing character: There is no ы (U+044B) in font [lmroman10-regular]:mapping=t
ex-text;!
Missing character: There is no п (U+043F) in font [lmroman10-regular]:mapping=t
ex-text;!
Missing character: There is no о (U+043E) in font [lmroman10-regular]:mapping=t
ex-text;!
Missing character: There is no л (U+043B) in font [lmroman10-regular]:mapping=t
ex-text;!
Missing character: There is no н (U+043D) in font [lmroman10-regular]:mapping=t
ex-text;!
Missing character: There is no я (U+044F) in font [lmroman10-regular]:mapping=t
ex-text;!
Missing character: There is no е (U+0435) in font [lmroman10-regular]:mapping=t
ex-text;!
Missing character: There is no т (U+0442) in font [lmroman10-regular]:mapping=t
ex-text;!
Missing character: There is no О (U+041E) in font [lmroman10-regular]:mapping=t
ex-text;!
Missing character: There is no ч (U+0447) in font [lmroman10-regular]:mapping=t
ex-text;!
Missing character: There is no и (U+0438) in font [lmroman10-regular]:mapping=t
ex-text;!
Missing character: There is no с (U+0441) in font [lmroman10-regular]:mapping=t
ex-text;!
Missing character: There is no т (U+0442) in font [lmroman10-regular]:mapping=t
ex-text;!
Missing character: There is no к (U+043A) in font [lmroman10-regular]:mapping=t
ex-text;!
Missing character: There is no у (U+0443) in font [lmroman10-regular]:mapping=t
ex-text;!
Missing character: There is no п (U+043F) in font [lmroman10-regular]:mapping=t
ex-text;!
Missing character: There is no о (U+043E) in font [lmroman10-regular]:mapping=t
ex-text;!
Missing character: There is no л (U+043B) in font [lmroman10-regular]:mapping=t
ex-text;!
Missing character: There is no я (U+044F) in font [lmroman10-regular]:mapping=t
ex-text;!
Missing character: There is no В (U+0412) in font [lmroman10-regular]:mapping=t
ex-text;!
Missing character: There is no в (U+0432) in font [lmroman10-regular]:mapping=t
ex-text;!
Missing character: There is no о (U+043E) in font [lmroman10-regular]:mapping=t
ex-text;!
Missing character: There is no д (U+0434) in font [lmroman10-regular]:mapping=t
ex-text;!
Missing character: There is no и (U+0438) in font [lmroman10-regular]:mapping=t
ex-text;!
Missing character: There is no м (U+043C) in font [lmroman10-regular]:mapping=t
ex-text;!
Missing character: There is no ё (U+0451) in font [lmroman10-regular]:mapping=t
ex-text;!
Missing character: There is no н (U+043D) in font [lmroman10-regular]:mapping=t
ex-text;!
Missing character: There is no и (U+0438) in font [lmroman10-regular]:mapping=t
ex-text;!
Missing character: There is no г (U+0433) in font [lmroman10-regular]:mapping=t
ex-text;!
Missing character: There is no р (U+0440) in font [lmroman10-regular]:mapping=t
ex-text;!
Missing character: There is no о (U+043E) in font [lmroman10-regular]:mapping=t
ex-text;!
Missing character: There is no к (U+043A) in font [lmroman10-regular]:mapping=t
ex-text;!
Missing character: There is no о (U+043E) in font [lmroman10-regular]:mapping=t
ex-text;!
Missing character: There is no в (U+0432) in font [lmroman10-regular]:mapping=t
ex-text;!
Missing character: There is no О (U+041E) in font [lmroman10-regular]:mapping=t
ex-text;!
Missing character: There is no т (U+0442) in font [lmroman10-regular]:mapping=t
ex-text;!
Missing character: There is no о (U+043E) in font [lmroman10-regular]:mapping=t
ex-text;!
Missing character: There is no б (U+0431) in font [lmroman10-regular]:mapping=t
ex-text;!
Missing character: There is no р (U+0440) in font [lmroman10-regular]:mapping=t
ex-text;!
Missing character: There is no а (U+0430) in font [lmroman10-regular]:mapping=t
ex-text;!
Missing character: There is no ж (U+0436) in font [lmroman10-regular]:mapping=t
ex-text;!
Missing character: There is no е (U+0435) in font [lmroman10-regular]:mapping=t
ex-text;!
Missing character: There is no н (U+043D) in font [lmroman10-regular]:mapping=t
ex-text;!
Missing character: There is no и (U+0438) in font [lmroman10-regular]:mapping=t
ex-text;!
Missing character: There is no е (U+0435) in font [lmroman10-regular]:mapping=t
ex-text;!
Missing character: There is no п (U+043F) in font [lmroman10-regular]:mapping=t
ex-text;!
Missing character: There is no о (U+043E) in font [lmroman10-regular]:mapping=t
ex-text;!
Missing character: There is no л (U+043B) in font [lmroman10-regular]:mapping=t
ex-text;!
Missing character: There is no я (U+044F) in font [lmroman10-regular]:mapping=t
ex-text;!
Missing character: There is no Ц (U+0426) in font [lmroman10-regular]:mapping=t
ex-text;!
Missing character: There is no и (U+0438) in font [lmroman10-regular]:mapping=t
ex-text;!
Missing character: There is no к (U+043A) in font [lmroman10-regular]:mapping=t
ex-text;!
Missing character: There is no л (U+043B) in font [lmroman10-regular]:mapping=t
ex-text;!
Missing character: There is no х (U+0445) in font [lmroman10-regular]:mapping=t
ex-text;!
Missing character: There is no о (U+043E) in font [lmroman10-regular]:mapping=t
ex-text;!
Missing character: There is no д (U+0434) in font [lmroman10-regular]:mapping=t
ex-text;!
Missing character: There is no о (U+043E) in font [lmroman10-regular]:mapping=t
ex-text;!
Missing character: There is no в (U+0432) in font [lmroman10-regular]:mapping=t
ex-text;!
Missing character: There is no д (U+0434) in font [lmroman10-regular]:mapping=t
ex-text;!
Missing character: There is no о (U+043E) in font [lmroman10-regular]:mapping=t
ex-text;!
Missing character: There is no п (U+043F) in font [lmroman10-regular]:mapping=t
ex-text;!
Missing character: There is no о (U+043E) in font [lmroman10-regular]:mapping=t
ex-text;!
Missing character: There is no б (U+0431) in font [lmroman10-regular]:mapping=t
ex-text;!
Missing character: There is no е (U+0435) in font [lmroman10-regular]:mapping=t
ex-text;!
Missing character: There is no д (U+0434) in font [lmroman10-regular]:mapping=t
ex-text;!
Missing character: There is no ы (U+044B) in font [lmroman10-regular]:mapping=t
ex-text;!
Missing character: There is no о (U+043E) in font [lmroman10-regular]:mapping=t
ex-text;!
Missing character: There is no д (U+0434) in font [lmroman10-regular]:mapping=t
ex-text;!
Missing character: There is no н (U+043D) in font [lmroman10-regular]:mapping=t
ex-text;!
Missing character: There is no о (U+043E) in font [lmroman10-regular]:mapping=t
ex-text;!
Missing character: There is no г (U+0433) in font [lmroman10-regular]:mapping=t
ex-text;!
Missing character: There is no о (U+043E) in font [lmroman10-regular]:mapping=t
ex-text;!
Missing character: There is no и (U+0438) in font [lmroman10-regular]:mapping=t
ex-text;!
Missing character: There is no з (U+0437) in font [lmroman10-regular]:mapping=t
ex-text;!
Missing character: There is no и (U+0438) in font [lmroman10-regular]:mapping=t
ex-text;!
Missing character: There is no г (U+0433) in font [lmroman10-regular]:mapping=t
ex-text;!
Missing character: There is no р (U+0440) in font [lmroman10-regular]:mapping=t
ex-text;!
Missing character: There is no о (U+043E) in font [lmroman10-regular]:mapping=t
ex-text;!
Missing character: There is no к (U+043A) in font [lmroman10-regular]:mapping=t
ex-text;!
Missing character: There is no о (U+043E) in font [lmroman10-regular]:mapping=t
ex-text;!
Missing character: There is no в (U+0432) in font [lmroman10-regular]:mapping=t
ex-text;!
Missing character: There is no О (U+041E) in font [lmroman10-regular]:mapping=t
ex-text;!
Missing character: There is no б (U+0431) in font [lmroman10-regular]:mapping=t
ex-text;!
Missing character: There is no ъ (U+044A) in font [lmroman10-regular]:mapping=t
ex-text;!
Missing character: There is no я (U+044F) in font [lmroman10-regular]:mapping=t
ex-text;!
Missing character: There is no в (U+0432) in font [lmroman10-regular]:mapping=t
ex-text;!
Missing character: There is no л (U+043B) in font [lmroman10-regular]:mapping=t
ex-text;!
Missing character: There is no е (U+0435) in font [lmroman10-regular]:mapping=t
ex-text;!
Missing character: There is no н (U+043D) in font [lmroman10-regular]:mapping=t
ex-text;!
Missing character: There is no и (U+0438) in font [lmroman10-regular]:mapping=t
ex-text;!
Missing character: There is no е (U+0435) in font [lmroman10-regular]:mapping=t
ex-text;!
Missing character: There is no п (U+043F) in font [lmroman10-regular]:mapping=t
ex-text;!
Missing character: There is no о (U+043E) in font [lmroman10-regular]:mapping=t
ex-text;!
Missing character: There is no б (U+0431) in font [lmroman10-regular]:mapping=t
ex-text;!
Missing character: There is no е (U+0435) in font [lmroman10-regular]:mapping=t
ex-text;!
Missing character: There is no д (U+0434) in font [lmroman10-regular]:mapping=t
ex-text;!
Missing character: There is no и (U+0438) in font [lmroman10-regular]:mapping=t
ex-text;!
Missing character: There is no т (U+0442) in font [lmroman10-regular]:mapping=t
ex-text;!
Missing character: There is no е (U+0435) in font [lmroman10-regular]:mapping=t
ex-text;!
Missing character: There is no л (U+043B) in font [lmroman10-regular]:mapping=t
ex-text;!
Missing character: There is no я (U+044F) in font [lmroman10-regular]:mapping=t
ex-text;!

LaTeX Font Warning: Font shape `TU/phv/b/n' undefined
(Font)              using `TU/phv/bx/n' instead on input line 56.

[5])

LaTeX Font Warning: Font shape `TU/phv/b/n' undefined
(Font)              using `TU/phv/bx/n' instead on input line 225.


LaTeX Font Warning: Font shape `TU/phv/b/n' undefined
(Font)              using `TU/phv/bx/n' instead on input line 225.


LaTeX Font Warning: Font shape `TU/phv/b/n' undefined
(Font)              using `TU/phv/bx/n' instead on input line 225.

[6]
Chapter 4.

LaTeX Font Warning: Font shape `TU/phv/b/n' undefined
(Font)              using `TU/phv/bx/n' instead on input line 225.

(./main_8cpp.tex

LaTeX Font Warning: Font shape `TU/phv/b/n' undefined
(Font)              using `TU/phv/bx/n' instead on input line 1.

Missing character: There is no Т (U+0422) in font [lmroman10-regular]:mapping=t
ex-text;!
Missing character: There is no о (U+043E) in font [lmroman10-regular]:mapping=t
ex-text;!
Missing character: There is no ч (U+0447) in font [lmroman10-regular]:mapping=t
ex-text;!
Missing character: There is no к (U+043A) in font [lmroman10-regular]:mapping=t
ex-text;!
Missing character: There is no а (U+0430) in font [lmroman10-regular]:mapping=t
ex-text;!
Missing character: There is no в (U+0432) in font [lmroman10-regular]:mapping=t
ex-text;!
Missing character: There is no х (U+0445) in font [lmroman10-regular]:mapping=t
ex-text;!
Missing character: There is no о (U+043E) in font [lmroman10-regular]:mapping=t
ex-text;!
Missing character: There is no д (U+0434) in font [lmroman10-regular]:mapping=t
ex-text;!
Missing character: There is no а (U+0430) in font [lmroman10-regular]:mapping=t
ex-text;!
Missing character: There is no в (U+0432) in font [lmroman10-regular]:mapping=t
ex-text;!
Missing character: There is no п (U+043F) in font [lmroman10-regular]:mapping=t
ex-text;!
Missing character: There is no р (U+0440) in font [lmroman10-regular]:mapping=t
ex-text;!
Missing character: There is no о (U+043E) in font [lmroman10-regular]:mapping=t
ex-text;!
Missing character: There is no г (U+0433) in font [lmroman10-regular]:mapping=t
ex-text;!
Missing character: There is no р (U+0440) in font [lmroman10-regular]:mapping=t
ex-text;!
Missing character: There is no а (U+0430) in font [lmroman10-regular]:mapping=t
ex-text;!
Missing character: There is no м (U+043C) in font [lmroman10-regular]:mapping=t
ex-text;!
Missing character: There is no м (U+043C) in font [lmroman10-regular]:mapping=t
ex-text;!
Missing character: There is no у (U+0443) in font [lmroman10-regular]:mapping=t
ex-text;!
Missing character: There is no К (U+041A) in font [lmroman10-regular]:mapping=t
ex-text;!
Missing character: There is no р (U+0440) in font [lmroman10-regular]:mapping=t
ex-text;!
Missing character: There is no е (U+0435) in font [lmroman10-regular]:mapping=t
ex-text;!
Missing character: There is no с (U+0441) in font [lmroman10-regular]:mapping=t
ex-text;!
Missing character: There is no т (U+0442) in font [lmroman10-regular]:mapping=t
ex-text;!
Missing character: There is no и (U+0438) in font [lmroman10-regular]:mapping=t
ex-text;!
Missing character: There is no к (U+043A) in font [lmroman10-regular]:mapping=t
ex-text;!
Missing character: There is no и (U+0438) in font [lmroman10-regular]:mapping=t
ex-text;!
Missing character: There is no н (U+043D) in font [lmroman10-regular]:mapping=t
ex-text;!
Missing character: There is no о (U+043E) in font [lmroman10-regular]:mapping=t
ex-text;!
Missing character: There is no л (U+043B) in font [lmroman10-regular]:mapping=t
ex-text;!
Missing character: There is no и (U+0438) in font [lmroman10-regular]:mapping=t
ex-text;!
Missing character: There is no к (U+043A) in font [lmroman10-regular]:mapping=t
ex-text;!
Missing character: There is no и (U+0438) in font [lmroman10-regular]:mapping=t
ex-text;!

Underfull \hbox (badness 10000) in paragraph at lines 8--11

 []


LaTeX Font Warning: Font shape `TU/phv/b/n' undefined
(Font)              using `TU/phv/bx/n' instead on input line 11.

Missing character: There is no Г (U+0413) in font [lmroman9-regular]:mapping=te
x-text;!
Missing character: There is no л (U+043B) in font [lmroman9-regular]:mapping=te
x-text;!
Missing character: There is no а (U+0430) in font [lmroman9-regular]:mapping=te
x-text;!
Missing character: There is no в (U+0432) in font [lmroman9-regular]:mapping=te
x-text;!
Missing character: There is no н (U+043D) in font [lmroman9-regular]:mapping=te
x-text;!
Missing character: There is no а (U+0430) in font [lmroman9-regular]:mapping=te
x-text;!
Missing character: There is no я (U+044F) in font [lmroman9-regular]:mapping=te
x-text;!
Missing character: There is no ф (U+0444) in font [lmroman9-regular]:mapping=te
x-text;!
Missing character: There is no у (U+0443) in font [lmroman9-regular]:mapping=te
x-text;!
Missing character: There is no н (U+043D) in font [lmroman9-regular]:mapping=te
x-text;!
Missing character: There is no к (U+043A) in font [lmroman9-regular]:mapping=te
x-text;!
Missing character: There is no ц (U+0446) in font [lmroman9-regular]:mapping=te
x-text;!
Missing character: There is no и (U+0438) in font [lmroman9-regular]:mapping=te
x-text;!
Missing character: There is no я (U+044F) in font [lmroman9-regular]:mapping=te
x-text;!

LaTeX Font Warning: Font shape `TU/phv/b/n' undefined
(Font)              using `TU/phv/bx/n' instead on input line 18.

Missing character: There is no Т (U+0422) in font [lmroman10-regular]:mapping=t
ex-text;!
Missing character: There is no о (U+043E) in font [lmroman10-regular]:mapping=t
ex-text;!
Missing character: There is no ч (U+0447) in font [lmroman10-regular]:mapping=t
ex-text;!
Missing character: There is no к (U+043A) in font [lmroman10-regular]:mapping=t
ex-text;!
Missing character: There is no а (U+0430) in font [lmroman10-regular]:mapping=t
ex-text;!
Missing character: There is no в (U+0432) in font [lmroman10-regular]:mapping=t
ex-text;!
Missing character: There is no х (U+0445) in font [lmroman10-regular]:mapping=t
ex-text;!
Missing character: There is no о (U+043E) in font [lmroman10-regular]:mapping=t
ex-text;!
Missing character: There is no д (U+0434) in font [lmroman10-regular]:mapping=t
ex-text;!
Missing character: There is no а (U+0430) in font [lmroman10-regular]:mapping=t
ex-text;!
Missing character: There is no в (U+0432) in font [lmroman10-regular]:mapping=t
ex-text;!
Missing character: There is no п (U+043F) in font [lmroman10-regular]:mapping=t
ex-text;!
Missing character: There is no р (U+0440) in font [lmroman10-regular]:mapping=t
ex-text;!
Missing character: There is no о (U+043E) in font [lmroman10-regular]:mapping=t
ex-text;!
Missing character: There is no г (U+0433) in font [lmroman10-regular]:mapping=t
ex-text;!
Missing character: There is no р (U+0440) in font [lmroman10-regular]:mapping=t
ex-text;!
Missing character: There is no а (U+0430) in font [lmroman10-regular]:mapping=t
ex-text;!
Missing character: There is no м (U+043C) in font [lmroman10-regular]:mapping=t
ex-text;!
Missing character: There is no м (U+043C) in font [lmroman10-regular]:mapping=t
ex-text;!
Missing character: There is no у (U+0443) in font [lmroman10-regular]:mapping=t
ex-text;!
Missing character: There is no К (U+041A) in font [lmroman10-regular]:mapping=t
ex-text;!
Missing character: There is no р (U+0440) in font [lmroman10-regular]:mapping=t
ex-text;!
Missing character: There is no е (U+0435) in font [lmroman10-regular]:mapping=t
ex-text;!
Missing character: There is no с (U+0441) in font [lmroman10-regular]:mapping=t
ex-text;!
Missing character: There is no т (U+0442) in font [lmroman10-regular]:mapping=t
ex-text;!
Missing character: There is no и (U+0438) in font [lmroman10-regular]:mapping=t
ex-text;!
Missing character: There is no к (U+043A) in font [lmroman10-regular]:mapping=t
ex-text;!
Missing character: There is no и (U+0438) in font [lmroman10-regular]:mapping=t
ex-text;!
Missing character: There is no н (U+043D) in font [lmroman10-regular]:mapping=t
ex-text;!
Missing character: There is no о (U+043E) in font [lmroman10-regular]:mapping=t
ex-text;!
Missing character: There is no л (U+043B) in font [lmroman10-regular]:mapping=t
ex-text;!
Missing character: There is no и (U+0438) in font [lmroman10-regular]:mapping=t
ex-text;!
Missing character: There is no к (U+043A) in font [lmroman10-regular]:mapping=t
ex-text;!
Missing character: There is no и (U+0438) in font [lmroman10-regular]:mapping=t
ex-text;!

LaTeX Font Warning: Font shape `TU/phv/b/n' undefined
(Font)              using `TU/phv/bx/n' instead on input line 24.


LaTeX Font Warning: Font shape `TU/phv/b/n' undefined
(Font)              using `TU/phv/bx/n' instead on input line 27.

Missing character: There is no Г (U+0413) in font [lmroman10-regular]:mapping=t
ex-text;!
Missing character: There is no л (U+043B) in font [lmroman10-regular]:mapping=t
ex-text;!
Missing character: There is no а (U+0430) in font [lmroman10-regular]:mapping=t
ex-text;!
Missing character: There is no в (U+0432) in font [lmroman10-regular]:mapping=t
ex-text;!
Missing character: There is no н (U+043D) in font [lmroman10-regular]:mapping=t
ex-text;!
Missing character: There is no а (U+0430) in font [lmroman10-regular]:mapping=t
ex-text;!
Missing character: There is no я (U+044F) in font [lmroman10-regular]:mapping=t
ex-text;!
Missing character: There is no ф (U+0444) in font [lmroman10-regular]:mapping=t
ex-text;!
Missing character: There is no у (U+0443) in font [lmroman10-regular]:mapping=t
ex-text;!
Missing character: There is no н (U+043D) in font [lmroman10-regular]:mapping=t
ex-text;!
Missing character: There is no к (U+043A) in font [lmroman10-regular]:mapping=t
ex-text;!
Missing character: There is no ц (U+0446) in font [lmroman10-regular]:mapping=t
ex-text;!
Missing character: There is no и (U+0438) in font [lmroman10-regular]:mapping=t
ex-text;!
Missing character: There is no я (U+044F) in font [lmroman10-regular]:mapping=t
ex-text;!

Underfull \hbox (badness 10000) detected at line 35
[][][]
 []

Missing character: There is no к (U+043A) in font [lmroman10-regular]:mapping=t
ex-text;!
Missing character: There is no о (U+043E) in font [lmroman10-regular]:mapping=t
ex-text;!
Missing character: There is no д (U+0434) in font [lmroman10-regular]:mapping=t
ex-text;!
Missing character: There is no з (U+0437) in font [lmroman10-regular]:mapping=t
ex-text;!
Missing character: There is no а (U+0430) in font [lmroman10-regular]:mapping=t
ex-text;!
Missing character: There is no в (U+0432) in font [lmroman10-regular]:mapping=t
ex-text;!
Missing character: There is no е (U+0435) in font [lmroman10-regular]:mapping=t
ex-text;!
Missing character: There is no р (U+0440) in font [lmroman10-regular]:mapping=t
ex-text;!
Missing character: There is no ш (U+0448) in font [lmroman10-regular]:mapping=t
ex-text;!
Missing character: There is no е (U+0435) in font [lmroman10-regular]:mapping=t
ex-text;!
Missing character: There is no н (U+043D) in font [lmroman10-regular]:mapping=t
ex-text;!
Missing character: There is no и (U+0438) in font [lmroman10-regular]:mapping=t
ex-text;!
Missing character: There is no я (U+044F) in font [lmroman10-regular]:mapping=t
ex-text;!
Missing character: There is no у (U+0443) in font [lmroman10-regular]:mapping=t
ex-text;!
Missing character: There is no с (U+0441) in font [lmroman10-regular]:mapping=t
ex-text;!
Missing character: There is no п (U+043F) in font [lmroman10-regular]:mapping=t
ex-text;!
Missing character: There is no е (U+0435) in font [lmroman10-regular]:mapping=t
ex-text;!
Missing character: There is no х (U+0445) in font [lmroman10-regular]:mapping=t
ex-text;!
) (./TTT_8cpp.tex

LaTeX Font Warning: Font shape `TU/phv/b/n' undefined
(Font)              using `TU/phv/bx/n' instead on input line 1.

Missing character: There is no Р (U+0420) in font [lmroman10-regular]:mapping=t
ex-text;!
Missing character: There is no е (U+0435) in font [lmroman10-regular]:mapping=t
ex-text;!
Missing character: There is no а (U+0430) in font [lmroman10-regular]:mapping=t
ex-text;!
Missing character: There is no л (U+043B) in font [lmroman10-regular]:mapping=t
ex-text;!
Missing character: There is no и (U+0438) in font [lmroman10-regular]:mapping=t
ex-text;!
Missing character: There is no з (U+0437) in font [lmroman10-regular]:mapping=t
ex-text;!
Missing character: There is no а (U+0430) in font [lmroman10-regular]:mapping=t
ex-text;!
Missing character: There is no ц (U+0446) in font [lmroman10-regular]:mapping=t
ex-text;!
Missing character: There is no и (U+0438) in font [lmroman10-regular]:mapping=t
ex-text;!
Missing character: There is no я (U+044F) in font [lmroman10-regular]:mapping=t
ex-text;!
Missing character: There is no к (U+043A) in font [lmroman10-regular]:mapping=t
ex-text;!
Missing character: There is no л (U+043B) in font [lmroman10-regular]:mapping=t
ex-text;!
Missing character: There is no а (U+0430) in font [lmroman10-regular]:mapping=t
ex-text;!
Missing character: There is no с (U+0441) in font [lmroman10-regular]:mapping=t
ex-text;!
Missing character: There is no с (U+0441) in font [lmroman10-regular]:mapping=t
ex-text;!
Missing character: There is no а (U+0430) in font [lmroman10-regular]:mapping=t
ex-text;!

Underfull \hbox (badness 10000) in paragraph at lines 8--12

 []


LaTeX Font Warning: Font shape `TU/phv/b/n' undefined
(Font)              using `TU/phv/bx/n' instead on input line 14.

Missing character: There is no Р (U+0420) in font [lmroman10-regular]:mapping=t
ex-text;!
Missing character: There is no е (U+0435) in font [lmroman10-regular]:mapping=t
ex-text;!
Missing character: There is no а (U+0430) in font [lmroman10-regular]:mapping=t
ex-text;!
Missing character: There is no л (U+043B) in font [lmroman10-regular]:mapping=t
ex-text;!
Missing character: There is no и (U+0438) in font [lmroman10-regular]:mapping=t
ex-text;!
Missing character: There is no з (U+0437) in font [lmroman10-regular]:mapping=t
ex-text;!
Missing character: There is no а (U+0430) in font [lmroman10-regular]:mapping=t
ex-text;!
Missing character: There is no ц (U+0446) in font [lmroman10-regular]:mapping=t
ex-text;!
Missing character: There is no и (U+0438) in font [lmroman10-regular]:mapping=t
ex-text;!
Missing character: There is no я (U+044F) in font [lmroman10-regular]:mapping=t
ex-text;!
Missing character: There is no к (U+043A) in font [lmroman10-regular]:mapping=t
ex-text;!
Missing character: There is no л (U+043B) in font [lmroman10-regular]:mapping=t
ex-text;!
Missing character: There is no а (U+0430) in font [lmroman10-regular]:mapping=t
ex-text;!
Missing character: There is no с (U+0441) in font [lmroman10-regular]:mapping=t
ex-text;!
Missing character: There is no с (U+0441) in font [lmroman10-regular]:mapping=t
ex-text;!
Missing character: There is no а (U+0430) in font [lmroman10-regular]:mapping=t
ex-text;!
) (./TTT_8h.tex

LaTeX Font Warning: Font shape `TU/phv/b/n' undefined
(Font)              using `TU/phv/bx/n' instead on input line 1.

[7

]

LaTeX Font Warning: Font shape `TU/phv/b/n' undefined
(Font)              using `TU/phv/bx/n' instead on input line 1.

Missing character: There is no О (U+041E) in font [lmroman10-regular]:mapping=t
ex-text;!
Missing character: There is no б (U+0431) in font [lmroman10-regular]:mapping=t
ex-text;!
Missing character: There is no ъ (U+044A) in font [lmroman10-regular]:mapping=t
ex-text;!
Missing character: There is no я (U+044F) in font [lmroman10-regular]:mapping=t
ex-text;!
Missing character: There is no в (U+0432) in font [lmroman10-regular]:mapping=t
ex-text;!
Missing character: There is no л (U+043B) in font [lmroman10-regular]:mapping=t
ex-text;!
Missing character: There is no е (U+0435) in font [lmroman10-regular]:mapping=t
ex-text;!
Missing character: There is no н (U+043D) in font [lmroman10-regular]:mapping=t
ex-text;!
Missing character: There is no и (U+0438) in font [lmroman10-regular]:mapping=t
ex-text;!
Missing character: There is no е (U+0435) in font [lmroman10-regular]:mapping=t
ex-text;!
Missing character: There is no к (U+043A) in font [lmroman10-regular]:mapping=t
ex-text;!
Missing character: There is no л (U+043B) in font [lmroman10-regular]:mapping=t
ex-text;!
Missing character: There is no а (U+0430) in font [lmroman10-regular]:mapping=t
ex-text;!
Missing character: There is no с (U+0441) in font [lmroman10-regular]:mapping=t
ex-text;!
Missing character: There is no с (U+0441) in font [lmroman10-regular]:mapping=t
ex-text;!
Missing character: There is no а (U+0430) in font [lmroman10-regular]:mapping=t
ex-text;!
Missing character: There is no и (U+0438) in font [lmroman10-regular]:mapping=t
ex-text;!
Missing character: There is no г (U+0433) in font [lmroman10-regular]:mapping=t
ex-text;!
Missing character: There is no р (U+0440) in font [lmroman10-regular]:mapping=t
ex-text;!
Missing character: There is no ы (U+044B) in font [lmroman10-regular]:mapping=t
ex-text;!
Missing character: There is no К (U+041A) in font [lmroman10-regular]:mapping=t
ex-text;!
Missing character: There is no р (U+0440) in font [lmroman10-regular]:mapping=t
ex-text;!
Missing character: There is no е (U+0435) in font [lmroman10-regular]:mapping=t
ex-text;!
Missing character: There is no с (U+0441) in font [lmroman10-regular]:mapping=t
ex-text;!
Missing character: There is no т (U+0442) in font [lmroman10-regular]:mapping=t
ex-text;!
Missing character: There is no и (U+0438) in font [lmroman10-regular]:mapping=t
ex-text;!
Missing character: There is no к (U+043A) in font [lmroman10-regular]:mapping=t
ex-text;!
Missing character: There is no и (U+0438) in font [lmroman10-regular]:mapping=t
ex-text;!
Missing character: There is no н (U+043D) in font [lmroman10-regular]:mapping=t
ex-text;!
Missing character: There is no о (U+043E) in font [lmroman10-regular]:mapping=t
ex-text;!
Missing character: There is no л (U+043B) in font [lmroman10-regular]:mapping=t
ex-text;!
Missing character: There is no и (U+0438) in font [lmroman10-regular]:mapping=t
ex-text;!
Missing character: There is no к (U+043A) in font [lmroman10-regular]:mapping=t
ex-text;!
Missing character: There is no и (U+0438) in font [lmroman10-regular]:mapping=t
ex-text;!

Underfull \hbox (badness 10000) in paragraph at lines 8--10

 []


LaTeX Font Warning: Font shape `TU/phv/b/n' undefined
(Font)              using `TU/phv/bx/n' instead on input line 10.

Missing character: There is no К (U+041A) in font [lmroman9-regular]:mapping=te
x-text;!
Missing character: There is no л (U+043B) in font [lmroman9-regular]:mapping=te
x-text;!
Missing character: There is no а (U+0430) in font [lmroman9-regular]:mapping=te
x-text;!
Missing character: There is no с (U+0441) in font [lmroman9-regular]:mapping=te
x-text;!
Missing character: There is no с (U+0441) in font [lmroman9-regular]:mapping=te
x-text;!
Missing character: There is no и (U+0438) in font [lmroman9-regular]:mapping=te
x-text;!
Missing character: There is no г (U+0433) in font [lmroman9-regular]:mapping=te
x-text;!
Missing character: There is no р (U+0440) in font [lmroman9-regular]:mapping=te
x-text;!
Missing character: There is no ы (U+044B) in font [lmroman9-regular]:mapping=te
x-text;!
Missing character: There is no К (U+041A) in font [lmroman9-regular]:mapping=te
x-text;!
Missing character: There is no р (U+0440) in font [lmroman9-regular]:mapping=te
x-text;!
Missing character: There is no е (U+0435) in font [lmroman9-regular]:mapping=te
x-text;!
Missing character: There is no с (U+0441) in font [lmroman9-regular]:mapping=te
x-text;!
Missing character: There is no т (U+0442) in font [lmroman9-regular]:mapping=te
x-text;!
Missing character: There is no и (U+0438) in font [lmroman9-regular]:mapping=te
x-text;!
Missing character: There is no к (U+043A) in font [lmroman9-regular]:mapping=te
x-text;!
Missing character: There is no и (U+0438) in font [lmroman9-regular]:mapping=te
x-text;!
Missing character: There is no н (U+043D) in font [lmroman9-regular]:mapping=te
x-text;!
Missing character: There is no о (U+043E) in font [lmroman9-regular]:mapping=te
x-text;!
Missing character: There is no л (U+043B) in font [lmroman9-regular]:mapping=te
x-text;!
Missing character: There is no и (U+0438) in font [lmroman9-regular]:mapping=te
x-text;!
Missing character: There is no к (U+043A) in font [lmroman9-regular]:mapping=te
x-text;!
Missing character: There is no и (U+0438) in font [lmroman9-regular]:mapping=te
x-text;!

LaTeX Font Warning: Font shape `TU/phv/b/n' undefined
(Font)              using `TU/phv/bx/n' instead on input line 17.

Missing character: There is no О (U+041E) in font [lmroman10-regular]:mapping=t
ex-text;!
Missing character: There is no б (U+0431) in font [lmroman10-regular]:mapping=t
ex-text;!
Missing character: There is no ъ (U+044A) in font [lmroman10-regular]:mapping=t
ex-text;!
Missing character: There is no я (U+044F) in font [lmroman10-regular]:mapping=t
ex-text;!
Missing character: There is no в (U+0432) in font [lmroman10-regular]:mapping=t
ex-text;!
Missing character: There is no л (U+043B) in font [lmroman10-regular]:mapping=t
ex-text;!
Missing character: There is no е (U+0435) in font [lmroman10-regular]:mapping=t
ex-text;!
Missing character: There is no н (U+043D) in font [lmroman10-regular]:mapping=t
ex-text;!
Missing character: There is no и (U+0438) in font [lmroman10-regular]:mapping=t
ex-text;!
Missing character: There is no е (U+0435) in font [lmroman10-regular]:mapping=t
ex-text;!
Missing character: There is no к (U+043A) in font [lmroman10-regular]:mapping=t
ex-text;!
Missing character: There is no л (U+043B) in font [lmroman10-regular]:mapping=t
ex-text;!
Missing character: There is no а (U+0430) in font [lmroman10-regular]:mapping=t
ex-text;!
Missing character: There is no с (U+0441) in font [lmroman10-regular]:mapping=t
ex-text;!
Missing character: There is no с (U+0441) in font [lmroman10-regular]:mapping=t
ex-text;!
Missing character: There is no а (U+0430) in font [lmroman10-regular]:mapping=t
ex-text;!
Missing character: There is no и (U+0438) in font [lmroman10-regular]:mapping=t
ex-text;!
Missing character: There is no г (U+0433) in font [lmroman10-regular]:mapping=t
ex-text;!
Missing character: There is no р (U+0440) in font [lmroman10-regular]:mapping=t
ex-text;!
Missing character: There is no ы (U+044B) in font [lmroman10-regular]:mapping=t
ex-text;!
Missing character: There is no К (U+041A) in font [lmroman10-regular]:mapping=t
ex-text;!
Missing character: There is no р (U+0440) in font [lmroman10-regular]:mapping=t
ex-text;!
Missing character: There is no е (U+0435) in font [lmroman10-regular]:mapping=t
ex-text;!
Missing character: There is no с (U+0441) in font [lmroman10-regular]:mapping=t
ex-text;!
Missing character: There is no т (U+0442) in font [lmroman10-regular]:mapping=t
ex-text;!
Missing character: There is no и (U+0438) in font [lmroman10-regular]:mapping=t
ex-text;!
Missing character: There is no к (U+043A) in font [lmroman10-regular]:mapping=t
ex-text;!
Missing character: There is no и (U+0438) in font [lmroman10-regular]:mapping=t
ex-text;!
Missing character: There is no н (U+043D) in font [lmroman10-regular]:mapping=t
ex-text;!
Missing character: There is no о (U+043E) in font [lmroman10-regular]:mapping=t
ex-text;!
Missing character: There is no л (U+043B) in font [lmroman10-regular]:mapping=t
ex-text;!
Missing character: There is no и (U+0438) in font [lmroman10-regular]:mapping=t
ex-text;!
Missing character: There is no к (U+043A) in font [lmroman10-regular]:mapping=t
ex-text;!
Missing character: There is no и (U+0438) in font [lmroman10-regular]:mapping=t
ex-text;!

Underfull \hbox (badness 10000) detected at line 20
[][][]
 []


Underfull \hbox (badness 10000) detected at line 23
[][][]
 []


Underfull \hbox (badness 10000) detected at line 26
[][][]
 []

) (./TTT_8h_source.tex

LaTeX Font Warning: Font shape `TU/phv/b/n' undefined
(Font)              using `TU/phv/bx/n' instead on input line 1.


LaTeX Font Warning: Font shape `TU/phv/b/n' undefined
(Font)              using `TU/phv/bx/n' instead on input line 23.


LaTeX Font Warning: Font shape `TU/phv/b/n' undefined
(Font)              using `TU/phv/bx/n' instead on input line 23.


LaTeX Font Warning: Font shape `TU/phv/b/n' undefined
(Font)              using `TU/phv/bx/n' instead on input line 23.

[8])

LaTeX Font Warning: Font shape `TU/phv/b/n' undefined
(Font)              using `TU/phv/bx/n' instead on input line 232.


LaTeX Font Warning: Font shape `TU/phv/b/n' undefined
(Font)              using `TU/phv/bx/n' instead on input line 232.


LaTeX Font Warning: Font shape `TU/phv/b/n' undefined
(Font)              using `TU/phv/bx/n' instead on input line 232.

[9]

LaTeX Font Warning: Font shape `TU/phv/b/n' undefined
(Font)              using `TU/phv/bx/n' instead on input line 232.


LaTeX Font Warning: Font shape `TU/phv/b/n' undefined
(Font)              using `TU/phv/bx/n' instead on input line 232.


LaTeX Font Warning: Font shape `TU/phv/b/n' undefined
(Font)              using `TU/phv/bx/n' instead on input line 232.

[10

] (./refman.ind

LaTeX Font Warning: Font shape `TU/phv/b/n' undefined
(Font)              using `TU/phv/bx/n' instead on input line 1.


LaTeX Font Warning: Font shape `TU/phv/b/n' undefined
(Font)              using `TU/phv/bx/n' instead on input line 20.

[11



]) (./refman.aux)
 ***********
LaTeX2e <2025-11-01>
L3 programming layer <2026-01-19>
 ***********


LaTeX Font Warning: Some font shapes were not available, defaults substituted.

Package rerunfilecheck Info: File `refman.out' has not changed.
(rerunfilecheck)             Checksum: B03041862378671E7545E573F162E4AC;2758.
 ) 
Here is how much of TeX's memory you used:
 25674 strings out of 469438
 479400 string characters out of 5471046
 1051520 words of memory out of 5000000
 53924 multiletter control sequences out of 15000+600000
 630836 words of font info for 71 fonts, out of 8000000 for 9000
 682 hyphenation exceptions out of 8191
 103i,14n,117p,1503b,546s stack positions out of 10000i,1000n,20000p,200000b,200000s

Output written on refman.pdf (15 pages).
